2969975,5,0,0,0.0,0.0,0.0,
17213816,5,1,1,1.0,1.0,1.0,
3718101,5,2,2,1.0,1.0,1.0,
2932690,5,0,0,0.0,0.0,0.0,
14857283,5,0,0,0.0,0.0,0.0,
16617673,5,0,0,0.0,0.0,0.0,
14538221,5,0,0,0.0,0.0,0.0,
14355588,5,0,0,0.0,0.0,0.0,
14495882,5,2,2,1.0,1.0,1.0,
16524115,5,1,1,1.0,1.0,1.0,
2362747,5,0,0,0.0,0.0,0.0,
6147269,5,0,0,0.0,0.0,0.0,
1297355,5,0,0,0.0,0.0,0.0,
14471438,5,1,1,1.0,1.0,1.0,
9589524,5,1,1,1.0,1.0,1.0,
15107218,5,1,1,1.0,1.0,1.0,
13911484,5,0,0,0.0,0.0,0.0,
1024763,5,0,0,0.0,0.0,0.0,
3318425,5,1,1,1.0,1.0,1.0,
15818337,5,0,0,0.0,0.0,0.0,
9643137,5,0,0,0.0,0.0,0.0,
16879147,5,0,0,0.0,0.0,0.0,
8195872,5,0,0,0.0,0.0,0.0,
10635683,5,2,2,1.0,1.0,1.0,
8666845,5,0,0,0.0,0.0,0.0,
16635095,5,0,0,0.0,0.0,0.0,
2089928,5,0,0,0.0,0.0,0.0,
2849269,5,0,0,0.0,0.0,0.0,
15313122,5,0,0,0.0,0.0,0.0,
16574846,5,0,0,0.0,0.0,0.0,
13913678,5,0,0,0.0,0.0,0.0,
13959438,5,0,0,0.0,0.0,0.0,
16742460,5,0,0,0.0,0.0,0.0,
17340820,5,0,0,0.0,0.0,0.0,
6402670,5,0,0,0.0,0.0,0.0,
5223229,5,0,0,0.0,0.0,0.0,
1379306,5,0,0,0.0,0.0,0.0,
16928610,5,0,0,0.0,0.0,0.0,
3056875,5,0,0,0.0,0.0,0.0,
16577900,5,0,0,0.0,0.0,0.0,
4600405,5,0,0,0.0,0.0,0.0,
13853055,5,0,0,0.0,0.0,0.0,
1415963,5,0,0,0.0,0.0,0.0,
9119522,5,0,0,0.0,0.0,0.0,
14309234,5,0,0,0.0,0.0,0.0,
17057392,5,0,0,0.0,0.0,0.0,
16858688,5,0,0,0.0,0.0,0.0,
2590458,5,0,0,0.0,0.0,0.0,
14460791,5,0,0,0.0,0.0,0.0,
13910182,5,0,0,0.0,0.0,0.0,
13994622,5,1,0,0.0,0.0,0.0,
93838,5,0,0,0.0,0.0,0.0,
16550430,5,0,0,0.0,0.0,0.0,
16093616,5,0,0,0.0,0.0,0.0,
845255,5,0,0,0.0,0.0,0.0,
3469400,5,0,0,0.0,0.0,0.0,
16872961,5,0,0,0.0,0.0,0.0,
16586889,5,0,0,0.0,0.0,0.0,
16847580,5,0,0,0.0,0.0,0.0,
1690421,5,0,0,0.0,0.0,0.0,
2319072,5,0,0,0.0,0.0,0.0,
2673732,5,0,0,0.0,0.0,0.0,
1619566,5,0,0,0.0,0.0,0.0,
16976741,5,0,0,0.0,0.0,0.0,
14430928,5,0,0,0.0,0.0,0.0,
949464,5,0,0,0.0,0.0,0.0,
2612745,5,0,0,0.0,0.0,0.0,
16629621,5,0,0,0.0,0.0,0.0,
15362964,5,0,0,0.0,0.0,0.0,
17155400,5,0,0,0.0,0.0,0.0,
8654815,5,0,0,0.0,0.0,0.0,
7256674,5,0,0,0.0,0.0,0.0,
1346402,5,0,0,0.0,0.0,0.0,
7018782,5,0,0,0.0,0.0,0.0,
3468985,5,0,0,0.0,0.0,0.0,
1617391,5,0,0,0.0,0.0,0.0,
14335946,5,0,0,0.0,0.0,0.0,
539524,5,0,0,0.0,0.0,0.0,
14355531,5,0,0,0.0,0.0,0.0,
16696064,5,0,0,0.0,0.0,0.0,
21755,5,0,0,0.0,0.0,0.0,
5213894,5,0,0,0.0,0.0,0.0,
3381715,5,0,0,0.0,0.0,0.0,
15418232,5,1,0,0.0,0.0,0.0,
763232,5,0,0,0.0,0.0,0.0,
16623078,5,0,0,0.0,0.0,0.0,
14491498,5,0,0,0.0,0.0,0.0,
1203070,5,0,0,0.0,0.0,0.0,
14081521,5,0,0,0.0,0.0,0.0,
794827,5,0,0,0.0,0.0,0.0,
17351919,5,0,0,0.0,0.0,0.0,
4299025,5,0,0,0.0,0.0,0.0,
2069012,5,0,0,0.0,0.0,0.0,
15381229,5,0,0,0.0,0.0,0.0,
9258933,5,0,0,0.0,0.0,0.0,
16472811,5,0,0,0.0,0.0,0.0,
1766536,5,0,0,0.0,0.0,0.0,
14180078,5,0,0,0.0,0.0,0.0,
15058196,5,0,0,0.0,0.0,0.0,
1821075,5,0,0,0.0,0.0,0.0,
3572438,5,0,0,0.0,0.0,0.0,
16734882,5,0,0,0.0,0.0,0.0,
16626134,5,0,0,0.0,0.0,0.0,
1233708,5,0,0,0.0,0.0,0.0,
16650674,5,0,0,0.0,0.0,0.0,
14118972,5,0,0,0.0,0.0,0.0,
15199331,5,0,0,0.0,0.0,0.0,
16572253,5,0,0,0.0,0.0,0.0,
14471897,5,0,0,0.0,0.0,0.0,
5136771,5,0,0,0.0,0.0,0.0,
1781349,5,0,0,0.0,0.0,0.0,
751243,5,0,0,0.0,0.0,0.0,
16617660,5,0,0,0.0,0.0,0.0,
16647037,5,0,0,0.0,0.0,0.0,
4774900,5,0,0,0.0,0.0,0.0,
4829785,5,0,0,0.0,0.0,0.0,
14468238,5,0,0,0.0,0.0,0.0,
1216393,5,0,0,0.0,0.0,0.0,
1313097,5,0,0,0.0,0.0,0.0,
16620817,5,0,0,0.0,0.0,0.0,
17012069,5,0,0,0.0,0.0,0.0,
3776413,5,0,0,0.0,0.0,0.0,
12439611,5,0,0,0.0,0.0,0.0,
14466056,5,0,0,0.0,0.0,0.0,
15405391,5,0,0,0.0,0.0,0.0,
13889431,5,0,0,0.0,0.0,0.0,
764538,5,0,0,0.0,0.0,0.0,
763692,5,0,0,0.0,0.0,0.0,
16623093,5,0,0,0.0,0.0,0.0,
15065700,5,0,0,0.0,0.0,0.0,
14451814,5,0,0,0.0,0.0,0.0,
1746925,5,0,0,0.0,0.0,0.0,
1718481,5,0,0,0.0,0.0,0.0,
12150104,5,0,0,0.0,0.0,0.0,
16701970,5,0,0,0.0,0.0,0.0,
14867488,5,0,0,0.0,0.0,0.0,
11796247,5,0,0,0.0,0.0,0.0,
3912413,5,0,0,0.0,0.0,0.0,
3862988,5,0,0,0.0,0.0,0.0,
15346447,5,0,0,0.0,0.0,0.0,
14834563,5,0,0,0.0,0.0,0.0,
14836742,5,0,0,0.0,0.0,0.0,
14225003,5,0,0,0.0,0.0,0.0,
14705398,5,0,0,0.0,0.0,0.0,
17294416,5,0,0,0.0,0.0,0.0,
14335576,5,0,0,0.0,0.0,0.0,
13272024,5,0,0,0.0,0.0,0.0,
15956057,5,0,0,0.0,0.0,0.0,
14509747,5,0,0,0.0,0.0,0.0,
14505385,5,0,0,0.0,0.0,0.0,
767249,5,0,0,0.0,0.0,0.0,
88408,5,0,0,0.0,0.0,0.0,
14860843,5,0,0,0.0,0.0,0.0,
1488480,5,0,0,0.0,0.0,0.0,
14389752,5,0,0,0.0,0.0,0.0,
1583402,5,0,0,0.0,0.0,0.0,
13973795,5,1,0,0.0,0.0,0.0,
15405731,5,0,0,0.0,0.0,0.0,
1232433,5,0,0,0.0,0.0,0.0,
17098320,5,0,0,0.0,0.0,0.0,
17227136,5,0,0,0.0,0.0,0.0,
4932342,5,0,0,0.0,0.0,0.0,
3068009,5,0,0,0.0,0.0,0.0,
14200616,5,0,0,0.0,0.0,0.0,
16623024,5,0,0,0.0,0.0,0.0,
17270460,5,0,0,0.0,0.0,0.0,
17215149,5,0,0,0.0,0.0,0.0,
13925256,5,0,0,0.0,0.0,0.0,
1077214,5,0,0,0.0,0.0,0.0,
3758626,5,0,0,0.0,0.0,0.0,
2307950,5,0,0,0.0,0.0,0.0,
14087265,5,0,0,0.0,0.0,0.0,
14984680,5,0,0,0.0,0.0,0.0,
13403010,5,0,0,0.0,0.0,0.0,
15437332,5,0,0,0.0,0.0,0.0,
16618925,5,0,0,0.0,0.0,0.0,
11595708,5,0,0,0.0,0.0,0.0,
9210937,5,0,0,0.0,0.0,0.0,
16856879,5,0,0,0.0,0.0,0.0,
11333447,5,0,0,0.0,0.0,0.0,
15429718,5,0,0,0.0,0.0,0.0,
16622183,5,0,0,0.0,0.0,0.0,
14325754,5,0,0,0.0,0.0,0.0,
16859941,5,0,0,0.0,0.0,0.0,
2966842,5,0,0,0.0,0.0,0.0,
5294068,5,0,0,0.0,0.0,0.0,
4933660,5,0,0,0.0,0.0,0.0,
2988631,5,0,0,0.0,0.0,0.0,
14297993,5,0,0,0.0,0.0,0.0,
16880504,5,0,0,0.0,0.0,0.0,
14671513,5,0,0,0.0,0.0,0.0,
14669672,5,0,0,0.0,0.0,0.0,
2028945,5,0,0,0.0,0.0,0.0,
14184870,5,0,0,0.0,0.0,0.0,
16739213,5,0,0,0.0,0.0,0.0,
55983,5,0,0,0.0,0.0,0.0,
14451440,5,0,0,0.0,0.0,0.0,
16821329,5,0,0,0.0,0.0,0.0,
36863,5,0,0,0.0,0.0,0.0,
14076596,5,0,0,0.0,0.0,0.0,
17390213,5,0,0,0.0,0.0,0.0,
1309807,5,0,0,0.0,0.0,0.0,
15809487,5,0,0,0.0,0.0,0.0,
5957837,5,0,0,0.0,0.0,0.0,
13355325,5,0,0,0.0,0.0,0.0,
14241501,5,0,0,0.0,0.0,0.0,
13948377,5,0,0,0.0,0.0,0.0,
16865359,5,0,0,0.0,0.0,0.0,
17133681,5,0,0,0.0,0.0,0.0,
1800186,5,0,0,0.0,0.0,0.0,
2308821,5,0,0,0.0,0.0,0.0,
2118943,5,0,0,0.0,0.0,0.0,
14344034,5,0,0,0.0,0.0,0.0,
14917487,5,0,0,0.0,0.0,0.0,
9263486,5,0,0,0.0,0.0,0.0,
14260250,5,0,0,0.0,0.0,0.0,
6088371,5,0,0,0.0,0.0,0.0,
11029090,5,0,0,0.0,0.0,0.0,
13913299,5,0,0,0.0,0.0,0.0,
16575311,5,0,0,0.0,0.0,0.0,
2102188,5,0,0,0.0,0.0,0.0,
2990531,5,0,0,0.0,0.0,0.0,
630947,5,0,0,0.0,0.0,0.0,
3557697,5,0,0,0.0,0.0,0.0,
1169070,5,0,0,0.0,0.0,0.0,
16637641,5,0,0,0.0,0.0,0.0,
2194244,5,0,0,0.0,0.0,0.0,
16563362,5,1,1,1.0,1.0,1.0,
966885,5,0,0,0.0,0.0,0.0,
15138844,5,0,0,0.0,0.0,0.0,
5314574,5,0,0,0.0,0.0,0.0,
1747404,5,0,0,0.0,0.0,0.0,
16626507,5,0,0,0.0,0.0,0.0,
13988859,5,0,0,0.0,0.0,0.0,
1147284,5,0,0,0.0,0.0,0.0,
1746555,5,0,0,0.0,0.0,0.0,
14101226,5,0,0,0.0,0.0,0.0,
14449547,5,0,0,0.0,0.0,0.0,
14225054,5,0,0,0.0,0.0,0.0,
4749092,5,0,0,0.0,0.0,0.0,
15437387,5,0,0,0.0,0.0,0.0,
14249025,5,0,0,0.0,0.0,0.0,
2258835,5,0,0,0.0,0.0,0.0,
2246857,5,0,0,0.0,0.0,0.0,
11531242,5,0,0,0.0,0.0,0.0,
15444902,5,0,0,0.0,0.0,0.0,
1369128,5,0,0,0.0,0.0,0.0,
16575343,5,0,0,0.0,0.0,0.0,
835045,5,0,0,0.0,0.0,0.0,
14264660,5,0,0,0.0,0.0,0.0,
1210670,5,0,0,0.0,0.0,0.0,
14521897,5,0,0,0.0,0.0,0.0,
615384,5,0,0,0.0,0.0,0.0,
3150587,5,0,0,0.0,0.0,0.0,
1222653,5,0,0,0.0,0.0,0.0,
14388481,5,0,0,0.0,0.0,0.0,
15397285,5,0,0,0.0,0.0,0.0,
16636782,5,0,0,0.0,0.0,0.0,
2771714,5,0,0,0.0,0.0,0.0,
7756637,5,0,0,0.0,0.0,0.0,
1836120,5,0,0,0.0,0.0,0.0,
6205265,5,0,0,0.0,0.0,0.0,
1335369,5,0,0,0.0,0.0,0.0,
5066794,5,0,0,0.0,0.0,0.0,
1165965,5,0,0,0.0,0.0,0.0,
7358634,5,0,0,0.0,0.0,0.0,
16599322,5,0,0,0.0,0.0,0.0,
14138976,5,0,0,0.0,0.0,0.0,
13195718,5,0,0,0.0,0.0,0.0,
14482110,5,0,0,0.0,0.0,0.0,
13617737,5,0,0,0.0,0.0,0.0,
13168134,5,0,0,0.0,0.0,0.0,
1870048,5,0,0,0.0,0.0,0.0,
2199910,5,1,0,0.0,0.0,0.0,
1119624,5,0,0,0.0,0.0,0.0,
2787376,5,0,0,0.0,0.0,0.0,
2894675,5,0,0,0.0,0.0,0.0,
2279759,5,0,0,0.0,0.0,0.0,
14086364,5,1,0,0.0,0.0,0.0,
17294474,5,0,0,0.0,0.0,0.0,
16929986,5,0,0,0.0,0.0,0.0,
12404124,5,0,0,0.0,0.0,0.0,
213915,5,0,0,0.0,0.0,0.0,
1701667,5,0,0,0.0,0.0,0.0,
6378030,5,0,0,0.0,0.0,0.0,
3681197,5,0,0,0.0,0.0,0.0,
13803634,5,0,0,0.0,0.0,0.0,
1129881,5,0,0,0.0,0.0,0.0,
4663529,5,0,0,0.0,0.0,0.0,
16563371,5,0,0,0.0,0.0,0.0,
1048739,5,0,0,0.0,0.0,0.0,
5464655,5,0,0,0.0,0.0,0.0,
14099778,5,0,0,0.0,0.0,0.0,
16506283,5,0,0,0.0,0.0,0.0,
16681322,5,0,0,0.0,0.0,0.0,
1644934,5,0,0,0.0,0.0,0.0,
1299108,5,0,0,0.0,0.0,0.0,
2986008,5,0,0,0.0,0.0,0.0,
16742885,5,0,0,0.0,0.0,0.0,
1659182,5,0,0,0.0,0.0,0.0,
786838,5,0,0,0.0,0.0,0.0,
5417814,5,0,0,0.0,0.0,0.0,
4578046,5,0,0,0.0,0.0,0.0,
1456813,5,0,0,0.0,0.0,0.0,
14111879,5,0,0,0.0,0.0,0.0,
5037871,5,0,0,0.0,0.0,0.0,
11002359,5,0,0,0.0,0.0,0.0,
2785096,5,0,0,0.0,0.0,0.0,
15206657,5,1,0,0.0,0.0,0.0,
14188380,5,0,0,0.0,0.0,0.0,
16620050,5,0,0,0.0,0.0,0.0,
2873716,5,0,0,0.0,0.0,0.0,
12189276,5,0,0,0.0,0.0,0.0,
14004140,5,0,0,0.0,0.0,0.0,
15366441,5,0,0,0.0,0.0,0.0,
1301148,5,0,0,0.0,0.0,0.0,
2778424,5,0,0,0.0,0.0,0.0,
4843253,5,0,0,0.0,0.0,0.0,
5481153,5,0,0,0.0,0.0,0.0,
14030898,5,0,0,0.0,0.0,0.0,
23059,5,0,0,0.0,0.0,0.0,
1725266,5,0,0,0.0,0.0,0.0,
2261255,5,1,0,0.0,0.0,0.0,
14981682,5,0,0,0.0,0.0,0.0,
14019633,5,0,0,0.0,0.0,0.0,
5448562,5,0,0,0.0,0.0,0.0,
2013944,5,0,0,0.0,0.0,0.0,
15456151,5,0,0,0.0,0.0,0.0,
5024550,5,0,0,0.0,0.0,0.0,
16613757,5,0,0,0.0,0.0,0.0,
2093509,5,0,0,0.0,0.0,0.0,
14106,5,1,0,0.0,0.0,0.0,
14349228,5,0,0,0.0,0.0,0.0,
14519049,5,0,0,0.0,0.0,0.0,
16622247,5,0,0,0.0,0.0,0.0,
9100588,5,0,0,0.0,0.0,0.0,
787700,5,0,0,0.0,0.0,0.0,
1740866,5,0,0,0.0,0.0,0.0,
1816001,5,0,0,0.0,0.0,0.0,
11100923,5,0,0,0.0,0.0,0.0,
16568632,5,0,0,0.0,0.0,0.0,
15378410,5,0,0,0.0,0.0,0.0,
2913156,5,0,0,0.0,0.0,0.0,
2846546,5,0,0,0.0,0.0,0.0,
14165281,5,0,0,0.0,0.0,0.0,
1191741,5,0,0,0.0,0.0,0.0,
9113424,5,0,0,0.0,0.0,0.0,
211775,5,0,0,0.0,0.0,0.0,
992701,5,0,0,0.0,0.0,0.0,
864321,5,0,0,0.0,0.0,0.0,
1863275,5,0,0,0.0,0.0,0.0,
295817,5,0,0,0.0,0.0,0.0,
16012171,5,0,0,0.0,0.0,0.0,
770460,5,0,0,0.0,0.0,0.0,
1668003,5,0,0,0.0,0.0,0.0,
14166136,5,0,0,0.0,0.0,0.0,
13251157,5,0,0,0.0,0.0,0.0,
10113455,5,0,0,0.0,0.0,0.0,
1679133,5,0,0,0.0,0.0,0.0,
2871545,5,0,0,0.0,0.0,0.0,
7089058,5,0,0,0.0,0.0,0.0,
5539129,5,0,0,0.0,0.0,0.0,
16852574,5,0,0,0.0,0.0,0.0,
504060,5,0,0,0.0,0.0,0.0,
14098373,5,0,0,0.0,0.0,0.0,
14322185,5,0,0,0.0,0.0,0.0,
14248205,5,0,0,0.0,0.0,0.0,
16726352,5,0,0,0.0,0.0,0.0,
16750867,5,0,0,0.0,0.0,0.0,
16623512,5,1,0,0.0,0.0,0.0,
1574176,5,0,0,0.0,0.0,0.0,
14533370,5,0,0,0.0,0.0,0.0,
2801224,5,0,0,0.0,0.0,0.0,
15374034,5,0,0,0.0,0.0,0.0,
6231169,5,0,0,0.0,0.0,0.0,
10273433,5,0,0,0.0,0.0,0.0,
16635975,5,0,0,0.0,0.0,0.0,
1800951,5,0,0,0.0,0.0,0.0,
2271095,5,0,0,0.0,0.0,0.0,
13911963,5,0,0,0.0,0.0,0.0,
14209480,5,0,0,0.0,0.0,0.0,
807786,5,0,0,0.0,0.0,0.0,
16703242,5,0,0,0.0,0.0,0.0,
1491743,5,0,0,0.0,0.0,0.0,
14799708,5,0,0,0.0,0.0,0.0,
772622,5,0,0,0.0,0.0,0.0,
2872823,5,0,0,0.0,0.0,0.0,
1324696,5,0,0,0.0,0.0,0.0,
14738309,5,0,0,0.0,0.0,0.0,
36310,5,0,0,0.0,0.0,0.0,
1246245,5,0,0,0.0,0.0,0.0,
14351976,5,0,0,0.0,0.0,0.0,
1011090,5,1,0,0.0,0.0,0.0,
14226428,5,0,0,0.0,0.0,0.0,
14063792,5,0,0,0.0,0.0,0.0,
1139147,5,0,0,0.0,0.0,0.0,
784232,5,0,0,0.0,0.0,0.0,
14349669,5,0,0,0.0,0.0,0.0,
16577597,5,0,0,0.0,0.0,0.0,
3396402,5,0,0,0.0,0.0,0.0,
10431255,5,0,0,0.0,0.0,0.0,
17380917,5,0,0,0.0,0.0,0.0,
14238887,5,0,0,0.0,0.0,0.0,
14250996,5,0,0,0.0,0.0,0.0,
8689133,5,0,0,0.0,0.0,0.0,
12444978,5,0,0,0.0,0.0,0.0,
11597463,5,0,0,0.0,0.0,0.0,
3693699,5,0,0,0.0,0.0,0.0,
14133689,5,0,0,0.0,0.0,0.0,
2922908,5,0,0,0.0,0.0,0.0,
16623534,5,0,0,0.0,0.0,0.0,
16682706,5,0,0,0.0,0.0,0.0,
5898506,5,0,0,0.0,0.0,0.0,
16736145,5,0,0,0.0,0.0,0.0,
14455849,5,0,0,0.0,0.0,0.0,
2930535,5,0,0,0.0,0.0,0.0,
16296721,5,0,0,0.0,0.0,0.0,
16635511,5,0,0,0.0,0.0,0.0,
17352449,5,0,0,0.0,0.0,0.0,
4876185,5,0,0,0.0,0.0,0.0,
16392218,5,0,0,0.0,0.0,0.0,
2239372,5,0,0,0.0,0.0,0.0,
5982916,5,0,0,0.0,0.0,0.0,
16577147,5,0,0,0.0,0.0,0.0,
5049841,5,0,0,0.0,0.0,0.0,
302600,5,0,0,0.0,0.0,0.0,
1370086,5,0,0,0.0,0.0,0.0,
611719,5,0,0,0.0,0.0,0.0,
16622672,5,0,0,0.0,0.0,0.0,
3691027,5,0,0,0.0,0.0,0.0,
1994718,5,0,0,0.0,0.0,0.0,
15378843,5,0,0,0.0,0.0,0.0,
14158959,5,0,0,0.0,0.0,0.0,
14533381,5,0,0,0.0,0.0,0.0,
3712359,5,0,0,0.0,0.0,0.0,
11649722,5,0,0,0.0,0.0,0.0,
2553816,5,0,0,0.0,0.0,0.0,
3982710,5,0,0,0.0,0.0,0.0,
1828494,5,0,0,0.0,0.0,0.0,
14176378,5,0,0,0.0,0.0,0.0,
770411,5,0,0,0.0,0.0,0.0,
1684999,5,0,0,0.0,0.0,0.0,
2986529,5,0,0,0.0,0.0,0.0,
14516815,5,0,0,0.0,0.0,0.0,
1626206,5,0,0,0.0,0.0,0.0,
3777717,5,0,0,0.0,0.0,0.0,
17338564,5,0,0,0.0,0.0,0.0,
2234027,5,0,0,0.0,0.0,0.0,
15477478,5,0,0,0.0,0.0,0.0,
16617275,5,0,0,0.0,0.0,0.0,
39475,5,0,0,0.0,0.0,0.0,
14204667,5,0,0,0.0,0.0,0.0,
2348838,5,0,0,0.0,0.0,0.0,
361346,5,0,0,0.0,0.0,0.0,
5291448,5,0,0,0.0,0.0,0.0,
4042861,5,0,0,0.0,0.0,0.0,
7287803,5,0,0,0.0,0.0,0.0,
14913592,5,0,0,0.0,0.0,0.0,
14524462,5,0,0,0.0,0.0,0.0,
17024537,5,0,0,0.0,0.0,0.0,
14363126,5,0,0,0.0,0.0,0.0,
16859118,5,0,0,0.0,0.0,0.0,
1669750,5,0,0,0.0,0.0,0.0,
1157434,5,0,0,0.0,0.0,0.0,
1589612,5,0,0,0.0,0.0,0.0,
1236481,5,0,0,0.0,0.0,0.0,
1157431,5,0,0,0.0,0.0,0.0,
17170179,5,0,0,0.0,0.0,0.0,
9233125,5,0,0,0.0,0.0,0.0,
5090911,5,0,0,0.0,0.0,0.0,
17235576,5,0,0,0.0,0.0,0.0,
3934691,5,0,0,0.0,0.0,0.0,
16713884,5,0,0,0.0,0.0,0.0,
14744198,5,0,0,0.0,0.0,0.0,
13964068,5,0,0,0.0,0.0,0.0,
14421200,5,0,0,0.0,0.0,0.0,
15259912,5,0,0,0.0,0.0,0.0,
16732152,5,0,0,0.0,0.0,0.0,
16679508,5,0,0,0.0,0.0,0.0,
17053080,5,0,0,0.0,0.0,0.0,
14384877,5,0,0,0.0,0.0,0.0,
16623978,5,0,0,0.0,0.0,0.0,
14525329,5,0,0,0.0,0.0,0.0,
5446757,5,0,0,0.0,0.0,0.0,
15215515,5,0,0,0.0,0.0,0.0,
13816461,5,0,0,0.0,0.0,0.0,
15351336,5,0,0,0.0,0.0,0.0,
214890,5,0,0,0.0,0.0,0.0,
1200059,5,0,0,0.0,0.0,0.0,
3216461,5,0,0,0.0,0.0,0.0,
14826484,5,0,0,0.0,0.0,0.0,
4484863,5,0,0,0.0,0.0,0.0,
2977175,5,0,0,0.0,0.0,0.0,
14472823,5,0,0,0.0,0.0,0.0,
11813811,5,0,0,0.0,0.0,0.0,
13877420,5,0,0,0.0,0.0,0.0,
16578034,5,0,0,0.0,0.0,0.0,
13931139,5,0,0,0.0,0.0,0.0,
4772249,5,0,0,0.0,0.0,0.0,
16560746,5,0,0,0.0,0.0,0.0,
14514201,5,0,0,0.0,0.0,0.0,
763766,5,0,0,0.0,0.0,0.0,
9831681,5,0,0,0.0,0.0,0.0,
2823833,5,0,0,0.0,0.0,0.0,
1387789,5,0,0,0.0,0.0,0.0,
14128218,5,0,0,0.0,0.0,0.0,
14037473,5,0,0,0.0,0.0,0.0,
16657713,5,0,0,0.0,0.0,0.0,
15363329,5,0,0,0.0,0.0,0.0,
1394070,5,0,0,0.0,0.0,0.0,
7160185,5,0,0,0.0,0.0,0.0,
2924217,5,0,0,0.0,0.0,0.0,
9581297,5,0,0,0.0,0.0,0.0,
11944232,5,0,0,0.0,0.0,0.0,
17316333,5,0,0,0.0,0.0,0.0,
782434,5,0,0,0.0,0.0,0.0,
14516874,5,0,0,0.0,0.0,0.0,
14108662,5,0,0,0.0,0.0,0.0,
8529960,5,0,0,0.0,0.0,0.0,
2319478,5,0,0,0.0,0.0,0.0,
59441,5,0,0,0.0,0.0,0.0,
16848034,5,0,0,0.0,0.0,0.0,
1467075,5,0,0,0.0,0.0,0.0,
2970123,5,0,0,0.0,0.0,0.0,
3304198,5,0,0,0.0,0.0,0.0,
2042876,5,0,0,0.0,0.0,0.0,
6854763,5,0,0,0.0,0.0,0.0,
15448944,5,0,0,0.0,0.0,0.0,
14014772,5,0,0,0.0,0.0,0.0,
15203502,5,0,0,0.0,0.0,0.0,
343554,5,0,0,0.0,0.0,0.0,
6783508,5,0,0,0.0,0.0,0.0,
16596724,5,0,0,0.0,0.0,0.0,
4286930,5,0,0,0.0,0.0,0.0,
14305694,5,0,0,0.0,0.0,0.0,
15270735,5,0,0,0.0,0.0,0.0,
13915928,5,0,0,0.0,0.0,0.0,
17360446,5,0,0,0.0,0.0,0.0,
15174553,5,0,0,0.0,0.0,0.0,
14464373,5,0,0,0.0,0.0,0.0,
14873695,5,0,0,0.0,0.0,0.0,
57270,5,0,0,0.0,0.0,0.0,
17045020,5,0,0,0.0,0.0,0.0,
360069,5,0,0,0.0,0.0,0.0,
14379092,5,0,0,0.0,0.0,0.0,
16627031,5,0,0,0.0,0.0,0.0,
772212,5,0,0,0.0,0.0,0.0,
15304100,5,0,0,0.0,0.0,0.0,
2123436,5,0,0,0.0,0.0,0.0,
17256443,5,0,0,0.0,0.0,0.0,
8199,5,0,0,0.0,0.0,0.0,
8280572,5,0,0,0.0,0.0,0.0,
1517115,5,0,0,0.0,0.0,0.0,
1191779,5,0,0,0.0,0.0,0.0,
2934057,5,0,0,0.0,0.0,0.0,
1293000,5,0,0,0.0,0.0,0.0,
15394227,5,0,0,0.0,0.0,0.0,
4038339,5,0,0,0.0,0.0,0.0,
9227709,5,0,0,0.0,0.0,0.0,
15200451,5,0,0,0.0,0.0,0.0,
15080474,5,0,0,0.0,0.0,0.0,
17382228,5,0,0,0.0,0.0,0.0,
17391171,5,0,0,0.0,0.0,0.0,
2038357,5,0,0,0.0,0.0,0.0,
8041705,5,0,0,0.0,0.0,0.0,
14045057,5,0,0,0.0,0.0,0.0,
14435850,5,0,0,0.0,0.0,0.0,
2240752,5,0,0,0.0,0.0,0.0,
1077716,5,0,0,0.0,0.0,0.0,
14035248,5,0,0,0.0,0.0,0.0,
212280,5,0,0,0.0,0.0,0.0,
16650290,5,0,0,0.0,0.0,0.0,
14315024,5,0,0,0.0,0.0,0.0,
509713,5,0,0,0.0,0.0,0.0,
13908195,5,0,0,0.0,0.0,0.0,
17105120,5,0,0,0.0,0.0,0.0,
17125194,5,0,0,0.0,0.0,0.0,
17131861,5,0,0,0.0,0.0,0.0,
14639291,5,0,0,0.0,0.0,0.0,
13414951,5,0,0,0.0,0.0,0.0,
90440,5,0,0,0.0,0.0,0.0,
3856589,5,0,0,0.0,0.0,0.0,
16586963,5,0,0,0.0,0.0,0.0,
17196276,5,0,0,0.0,0.0,0.0,
1262360,5,0,0,0.0,0.0,0.0,
1366573,5,0,0,0.0,0.0,0.0,
16719342,5,0,0,0.0,0.0,0.0,
778895,5,0,0,0.0,0.0,0.0,
14313822,5,0,0,0.0,0.0,0.0,
443493,5,0,0,0.0,0.0,0.0,
14484634,5,0,0,0.0,0.0,0.0,
1062906,5,0,0,0.0,0.0,0.0,
16494988,5,0,0,0.0,0.0,0.0,
16636073,5,0,0,0.0,0.0,0.0,
5225548,5,0,0,0.0,0.0,0.0,
923151,5,0,0,0.0,0.0,0.0,
15037389,5,0,0,0.0,0.0,0.0,
55200,5,0,0,0.0,0.0,0.0,
1207514,5,0,0,0.0,0.0,0.0,
3353320,5,0,0,0.0,0.0,0.0,
1335833,5,0,0,0.0,0.0,0.0,
2281529,5,0,0,0.0,0.0,0.0,
753589,5,0,0,0.0,0.0,0.0,
14555919,5,0,0,0.0,0.0,0.0,
15407637,5,0,0,0.0,0.0,0.0,
8581252,5,0,0,0.0,0.0,0.0,
16860405,5,0,0,0.0,0.0,0.0,
1667970,5,0,0,0.0,0.0,0.0,
1548108,5,0,0,0.0,0.0,0.0,
15477505,5,0,0,0.0,0.0,0.0,
14630455,5,0,0,0.0,0.0,0.0,
4608691,5,0,0,0.0,0.0,0.0,
2190402,5,0,0,0.0,0.0,0.0,
13422986,5,0,0,0.0,0.0,0.0,
2958977,5,0,0,0.0,0.0,0.0,
44538,5,0,0,0.0,0.0,0.0,
2780186,5,0,0,0.0,0.0,0.0,
14450865,5,0,0,0.0,0.0,0.0,
15383339,5,0,0,0.0,0.0,0.0,
14562697,5,0,0,0.0,0.0,0.0,
1088297,5,0,0,0.0,0.0,0.0,
14771869,5,0,0,0.0,0.0,0.0,
9955546,5,0,0,0.0,0.0,0.0,
995221,5,0,0,0.0,0.0,0.0,
13877352,5,0,0,0.0,0.0,0.0,
3468894,5,0,0,0.0,0.0,0.0,
16460706,5,0,0,0.0,0.0,0.0,
14243410,5,0,0,0.0,0.0,0.0,
14297237,5,0,0,0.0,0.0,0.0,
1723972,5,0,0,0.0,0.0,0.0,
14056471,5,0,0,0.0,0.0,0.0,
9098814,5,0,0,0.0,0.0,0.0,
14094796,5,0,0,0.0,0.0,0.0,
6858028,5,0,0,0.0,0.0,0.0,
950762,5,0,0,0.0,0.0,0.0,
17072474,5,0,0,0.0,0.0,0.0,
14639264,5,0,0,0.0,0.0,0.0,
14045379,5,0,0,0.0,0.0,0.0,
16484711,5,0,0,0.0,0.0,0.0,
1753377,5,0,0,0.0,0.0,0.0,
11519082,5,0,0,0.0,0.0,0.0,
3047824,5,0,0,0.0,0.0,0.0,
2910574,5,0,0,0.0,0.0,0.0,
14040912,5,0,0,0.0,0.0,0.0,
803924,5,0,0,0.0,0.0,0.0,
1635914,5,0,0,0.0,0.0,0.0,
16500020,5,0,0,0.0,0.0,0.0,
951619,5,0,0,0.0,0.0,0.0,
4514026,5,0,0,0.0,0.0,0.0,
2999473,5,0,0,0.0,0.0,0.0,
6772972,5,0,0,0.0,0.0,0.0,
1446324,5,0,0,0.0,0.0,0.0,
3056766,5,0,0,0.0,0.0,0.0,
14332581,5,0,0,0.0,0.0,0.0,
14285259,5,0,0,0.0,0.0,0.0,
1366104,5,0,0,0.0,0.0,0.0,
1605205,5,0,0,0.0,0.0,0.0,
14276305,5,1,0,0.0,0.0,0.0,
14195477,5,0,0,0.0,0.0,0.0,
1835783,5,0,0,0.0,0.0,0.0,
17372958,5,0,0,0.0,0.0,0.0,
17369306,5,0,0,0.0,0.0,0.0,
15073440,5,0,0,0.0,0.0,0.0,
17095534,5,0,0,0.0,0.0,0.0,
848804,5,0,0,0.0,0.0,0.0,
16675632,5,0,0,0.0,0.0,0.0,
14181269,5,0,0,0.0,0.0,0.0,
15427293,5,0,0,0.0,0.0,0.0,
16734535,5,0,0,0.0,0.0,0.0,
17380584,5,0,0,0.0,0.0,0.0,
16902320,5,0,0,0.0,0.0,0.0,
2059358,5,0,0,0.0,0.0,0.0,
2201423,5,0,0,0.0,0.0,0.0,
14104214,5,0,0,0.0,0.0,0.0,
14725915,5,1,0,0.0,0.0,0.0,
16813692,5,0,0,0.0,0.0,0.0,
8114968,5,0,0,0.0,0.0,0.0,
7517481,5,0,0,0.0,0.0,0.0,
16597655,5,0,0,0.0,0.0,0.0,
14267893,5,0,0,0.0,0.0,0.0,
1666680,5,0,0,0.0,0.0,0.0,
13788698,5,0,0,0.0,0.0,0.0,
6164502,5,0,0,0.0,0.0,0.0,
16615585,5,0,0,0.0,0.0,0.0,
16662798,5,0,0,0.0,0.0,0.0,
16640546,5,0,0,0.0,0.0,0.0,
16711427,5,0,0,0.0,0.0,0.0,
15280042,5,0,0,0.0,0.0,0.0,
4826373,5,0,0,0.0,0.0,0.0,
17339905,5,0,0,0.0,0.0,0.0,
14483757,5,0,0,0.0,0.0,0.0,
14206876,5,0,0,0.0,0.0,0.0,
16570166,5,0,0,0.0,0.0,0.0,
2272612,5,0,0,0.0,0.0,0.0,
1335404,5,0,0,0.0,0.0,0.0,
1276981,5,0,0,0.0,0.0,0.0,
6207967,5,0,0,0.0,0.0,0.0,
3858794,5,0,0,0.0,0.0,0.0,
15211894,5,0,0,0.0,0.0,0.0,
14381564,5,0,0,0.0,0.0,0.0,
16615591,5,0,0,0.0,0.0,0.0,
16640510,5,0,0,0.0,0.0,0.0,
1020210,5,0,0,0.0,0.0,0.0,
1138623,5,0,0,0.0,0.0,0.0,
1562888,5,0,0,0.0,0.0,0.0,
13928854,5,0,0,0.0,0.0,0.0,
15432623,5,0,0,0.0,0.0,0.0,
14426765,5,0,0,0.0,0.0,0.0,
1197804,5,0,0,0.0,0.0,0.0,
1653373,5,0,0,0.0,0.0,0.0,
14539009,5,0,0,0.0,0.0,0.0,
2351553,5,0,0,0.0,0.0,0.0,
1621305,5,0,0,0.0,0.0,0.0,
16835023,5,0,0,0.0,0.0,0.0,
14470444,5,0,0,0.0,0.0,0.0,
14458799,5,0,0,0.0,0.0,0.0,
1882991,5,0,0,0.0,0.0,0.0,
14365448,5,0,0,0.0,0.0,0.0,
16593278,5,0,0,0.0,0.0,0.0,
16558080,5,0,0,0.0,0.0,0.0,
17143795,5,0,0,0.0,0.0,0.0,
14839522,5,0,0,0.0,0.0,0.0,
443461,5,0,0,0.0,0.0,0.0,
14223852,5,0,0,0.0,0.0,0.0,
571550,5,0,0,0.0,0.0,0.0,
14700671,5,0,0,0.0,0.0,0.0,
2075471,5,0,0,0.0,0.0,0.0,
14151412,5,0,0,0.0,0.0,0.0,
1803771,5,0,0,0.0,0.0,0.0,
15325441,5,0,0,0.0,0.0,0.0,
9393605,5,0,0,0.0,0.0,0.0,
3534413,5,0,0,0.0,0.0,0.0,
2089644,5,0,0,0.0,0.0,0.0,
4384318,5,0,0,0.0,0.0,0.0,
755374,5,0,0,0.0,0.0,0.0,
6228068,5,0,0,0.0,0.0,0.0,
13962303,5,0,0,0.0,0.0,0.0,
2785497,5,0,0,0.0,0.0,0.0,
6827332,5,0,0,0.0,0.0,0.0,
2971095,5,0,0,0.0,0.0,0.0,
1876734,5,0,0,0.0,0.0,0.0,
14800430,5,0,0,0.0,0.0,0.0,
2737722,5,0,0,0.0,0.0,0.0,
16615525,5,0,0,0.0,0.0,0.0,
3289998,5,0,0,0.0,0.0,0.0,
6494272,5,0,0,0.0,0.0,0.0,
16637318,5,0,0,0.0,0.0,0.0,
14134482,5,0,0,0.0,0.0,0.0,
3003848,5,0,0,0.0,0.0,0.0,
10379,5,0,0,0.0,0.0,0.0,
14322370,5,0,0,0.0,0.0,0.0,
2921600,5,0,0,0.0,0.0,0.0,
1676843,5,0,0,0.0,0.0,0.0,
6942591,5,0,0,0.0,0.0,0.0,
6599313,5,0,0,0.0,0.0,0.0,
17141157,5,1,0,0.0,0.0,0.0,
15326704,5,0,0,0.0,0.0,0.0,
8420897,5,0,0,0.0,0.0,0.0,
1276143,5,0,0,0.0,0.0,0.0,
16575414,5,0,0,0.0,0.0,0.0,
2790852,5,0,0,0.0,0.0,0.0,
1196125,5,0,0,0.0,0.0,0.0,
17376026,5,0,0,0.0,0.0,0.0,
2917115,5,0,0,0.0,0.0,0.0,
1131631,5,0,0,0.0,0.0,0.0,
14271487,5,0,0,0.0,0.0,0.0,
14519449,5,0,0,0.0,0.0,0.0,
6632811,5,1,0,0.0,0.0,0.0,
15280052,5,0,0,0.0,0.0,0.0,
16496782,5,0,0,0.0,0.0,0.0,
3152830,5,0,0,0.0,0.0,0.0,
1720065,5,0,0,0.0,0.0,0.0,
1595765,5,0,0,0.0,0.0,0.0,
16937048,5,0,0,0.0,0.0,0.0,
187820,5,0,0,0.0,0.0,0.0,
13964940,5,0,0,0.0,0.0,0.0,
4850833,5,0,0,0.0,0.0,0.0,
7020321,5,0,0,0.0,0.0,0.0,
16739335,5,0,0,0.0,0.0,0.0,
16740312,5,0,0,0.0,0.0,0.0,
16738487,5,1,0,0.0,0.0,0.0,
1824267,5,0,0,0.0,0.0,0.0,
14210529,5,0,0,0.0,0.0,0.0,
14286972,5,0,0,0.0,0.0,0.0,
15424597,5,0,0,0.0,0.0,0.0,
6181422,5,0,0,0.0,0.0,0.0,
14346327,5,0,0,0.0,0.0,0.0,
14348505,5,0,0,0.0,0.0,0.0,
16727338,5,0,0,0.0,0.0,0.0,
14013719,5,0,0,0.0,0.0,0.0,
350801,5,0,0,0.0,0.0,0.0,
16567812,5,0,0,0.0,0.0,0.0,
14755782,5,0,0,0.0,0.0,0.0,
15205163,5,0,0,0.0,0.0,0.0,
14294594,5,0,0,0.0,0.0,0.0,
1830526,5,0,0,0.0,0.0,0.0,
1736891,5,0,0,0.0,0.0,0.0,
14365076,5,0,0,0.0,0.0,0.0,
5568506,5,0,0,0.0,0.0,0.0,
2135150,5,0,0,0.0,0.0,0.0,
4487686,5,0,0,0.0,0.0,0.0,
16661890,5,0,0,0.0,0.0,0.0,
16592805,5,0,0,0.0,0.0,0.0,
5845156,5,0,0,0.0,0.0,0.0,
2131622,5,1,0,0.0,0.0,0.0,
16649744,5,0,0,0.0,0.0,0.0,
15116937,5,0,0,0.0,0.0,0.0,
14448581,5,0,0,0.0,0.0,0.0,
16635582,5,0,0,0.0,0.0,0.0,
1835382,5,0,0,0.0,0.0,0.0,
16880444,5,0,0,0.0,0.0,0.0,
4254895,5,0,0,0.0,0.0,0.0,
9531210,5,0,0,0.0,0.0,0.0,
17072491,5,0,0,0.0,0.0,0.0,
11566222,5,0,0,0.0,0.0,0.0,
771816,5,0,0,0.0,0.0,0.0,
15207303,5,0,0,0.0,0.0,0.0,
17354206,5,0,0,0.0,0.0,0.0,
16576319,5,0,0,0.0,0.0,0.0,
6149761,5,0,0,0.0,0.0,0.0,
14162905,5,0,0,0.0,0.0,0.0,
14601012,5,0,0,0.0,0.0,0.0,
1983081,5,0,0,0.0,0.0,0.0,
17311556,5,0,0,0.0,0.0,0.0,
16623102,5,0,0,0.0,0.0,0.0,
16623103,5,0,0,0.0,0.0,0.0,
2081724,5,0,0,0.0,0.0,0.0,
2910517,5,0,0,0.0,0.0,0.0,
2932765,5,0,0,0.0,0.0,0.0,
17274505,5,0,0,0.0,0.0,0.0,
5070920,5,0,0,0.0,0.0,0.0,
1908693,5,0,0,0.0,0.0,0.0,
2849586,5,0,0,0.0,0.0,0.0,
14419613,5,0,0,0.0,0.0,0.0,
15242606,5,0,0,0.0,0.0,0.0,
758821,5,0,0,0.0,0.0,0.0,
16567867,5,0,0,0.0,0.0,0.0,
1495163,5,0,0,0.0,0.0,0.0,
14927138,5,0,0,0.0,0.0,0.0,
14764663,5,0,0,0.0,0.0,0.0,
17083179,5,0,0,0.0,0.0,0.0,
13909853,5,1,0,0.0,0.0,0.0,
8007361,5,0,0,0.0,0.0,0.0,
14018599,5,0,0,0.0,0.0,0.0,
1895420,5,0,0,0.0,0.0,0.0,
5369552,5,0,0,0.0,0.0,0.0,
767784,5,0,0,0.0,0.0,0.0,
299415,5,0,0,0.0,0.0,0.0,
16739371,5,0,0,0.0,0.0,0.0,
2848240,5,0,0,0.0,0.0,0.0,
4134191,5,0,0,0.0,0.0,0.0,
2798391,5,1,0,0.0,0.0,0.0,
14214080,5,0,0,0.0,0.0,0.0,
2152512,5,0,0,0.0,0.0,0.0,
4317949,5,0,0,0.0,0.0,0.0,
16585267,5,0,0,0.0,0.0,0.0,
4534337,5,0,0,0.0,0.0,0.0,
765108,5,0,0,0.0,0.0,0.0,
233637,5,0,0,0.0,0.0,0.0,
17003089,5,0,0,0.0,0.0,0.0,
15468189,5,0,0,0.0,0.0,0.0,
16574149,5,0,0,0.0,0.0,0.0,
15105827,5,0,0,0.0,0.0,0.0,
5322032,5,0,0,0.0,0.0,0.0,
14730456,5,1,0,0.0,0.0,0.0,
16709972,5,0,0,0.0,0.0,0.0,
14276746,5,0,0,0.0,0.0,0.0,
14563168,5,0,0,0.0,0.0,0.0,
14636580,5,0,0,0.0,0.0,0.0,
14276748,5,0,0,0.0,0.0,0.0,
2086093,5,0,0,0.0,0.0,0.0,
1157720,5,0,0,0.0,0.0,0.0,
3598481,5,0,0,0.0,0.0,0.0,
2480577,5,0,0,0.0,0.0,0.0,
2215226,5,0,0,0.0,0.0,0.0,
17248361,5,0,0,0.0,0.0,0.0,
14233270,5,0,0,0.0,0.0,0.0,
2733888,5,0,0,0.0,0.0,0.0,
8459046,5,0,0,0.0,0.0,0.0,
1850066,5,0,0,0.0,0.0,0.0,
661921,5,0,0,0.0,0.0,0.0,
12998805,5,0,0,0.0,0.0,0.0,
3487628,5,1,0,0.0,0.0,0.0,
283921,5,0,0,0.0,0.0,0.0,
11037338,5,0,0,0.0,0.0,0.0,
2810494,5,0,0,0.0,0.0,0.0,
13280843,5,0,0,0.0,0.0,0.0,
1032704,5,0,0,0.0,0.0,0.0,
2239675,5,0,0,0.0,0.0,0.0,
15274105,5,0,0,0.0,0.0,0.0,
17204770,5,0,0,0.0,0.0,0.0,
13829604,5,0,0,0.0,0.0,0.0,
13872456,5,0,0,0.0,0.0,0.0,
14376974,5,0,0,0.0,0.0,0.0,
14519399,5,2,2,1.0,1.0,1.0,
14132681,5,0,0,0.0,0.0,0.0,
14179791,5,0,0,0.0,0.0,0.0,
16622332,5,0,0,0.0,0.0,0.0,
2147581,5,0,0,0.0,0.0,0.0,
5160035,5,0,0,0.0,0.0,0.0,
14006209,5,0,0,0.0,0.0,0.0,
16562189,5,0,0,0.0,0.0,0.0,
2295397,5,0,0,0.0,0.0,0.0,
16681542,5,0,0,0.0,0.0,0.0,
16738412,5,0,0,0.0,0.0,0.0,
15195321,5,0,0,0.0,0.0,0.0,
3590533,5,0,0,0.0,0.0,0.0,
16621492,5,0,0,0.0,0.0,0.0,
14061057,5,0,0,0.0,0.0,0.0,
9581595,5,0,0,0.0,0.0,0.0,
14100603,5,0,0,0.0,0.0,0.0,
8359313,5,0,0,0.0,0.0,0.0,
8993718,5,0,0,0.0,0.0,0.0,
2780615,5,0,0,0.0,0.0,0.0,
16722054,5,0,0,0.0,0.0,0.0,
9855347,5,0,0,0.0,0.0,0.0,
16507444,5,0,0,0.0,0.0,0.0,
11533757,5,0,0,0.0,0.0,0.0,
16794589,5,0,0,0.0,0.0,0.0,
14433506,5,0,0,0.0,0.0,0.0,
12138826,5,0,0,0.0,0.0,0.0,
1091925,5,0,0,0.0,0.0,0.0,
17008344,5,0,0,0.0,0.0,0.0,
3906104,5,0,0,0.0,0.0,0.0,
16783003,5,0,0,0.0,0.0,0.0,
16571921,5,0,0,0.0,0.0,0.0,
3357223,5,0,0,0.0,0.0,0.0,
1048262,5,0,0,0.0,0.0,0.0,
16759381,5,0,0,0.0,0.0,0.0,
14452258,5,0,0,0.0,0.0,0.0,
1147949,5,0,0,0.0,0.0,0.0,
8926093,5,0,0,0.0,0.0,0.0,
14563076,5,0,0,0.0,0.0,0.0,
15025752,5,0,0,0.0,0.0,0.0,
14865310,5,0,0,0.0,0.0,0.0,
5359855,5,0,0,0.0,0.0,0.0,
1131124,5,0,0,0.0,0.0,0.0,
1151198,5,0,0,0.0,0.0,0.0,
13795407,5,0,0,0.0,0.0,0.0,
2883881,5,0,0,0.0,0.0,0.0,
13998312,5,0,0,0.0,0.0,0.0,
17267093,5,0,0,0.0,0.0,0.0,
1399806,5,0,0,0.0,0.0,0.0,
793286,5,0,0,0.0,0.0,0.0,
1509428,5,0,0,0.0,0.0,0.0,
2996405,5,0,0,0.0,0.0,0.0,
2074195,5,0,0,0.0,0.0,0.0,
2548558,5,0,0,0.0,0.0,0.0,
2158259,5,0,0,0.0,0.0,0.0,
1123985,5,0,0,0.0,0.0,0.0,
475868,5,0,0,0.0,0.0,0.0,
1440586,5,0,0,0.0,0.0,0.0,
3321291,5,1,0,0.0,0.0,0.0,
14806140,5,0,0,0.0,0.0,0.0,
16461108,5,0,0,0.0,0.0,0.0,
361416,5,0,0,0.0,0.0,0.0,
3282877,5,0,0,0.0,0.0,0.0,
16622785,5,0,0,0.0,0.0,0.0,
2285132,5,0,0,0.0,0.0,0.0,
16566118,5,0,0,0.0,0.0,0.0,
5216595,5,0,0,0.0,0.0,0.0,
15053395,5,0,0,0.0,0.0,0.0,
748644,5,0,0,0.0,0.0,0.0,
336506,5,0,0,0.0,0.0,0.0,
2341204,5,0,0,0.0,0.0,0.0,
247878,5,0,0,0.0,0.0,0.0,
16455730,5,0,0,0.0,0.0,0.0,
16569621,5,0,0,0.0,0.0,0.0,
14488635,5,0,0,0.0,0.0,0.0,
13906763,5,0,0,0.0,0.0,0.0,
15414415,5,0,0,0.0,0.0,0.0,
1639857,5,0,0,0.0,0.0,0.0,
15287469,5,0,0,0.0,0.0,0.0,
381030,5,0,0,0.0,0.0,0.0,
1597163,5,0,0,0.0,0.0,0.0,
314714,5,0,0,0.0,0.0,0.0,
556889,5,0,0,0.0,0.0,0.0,
1091945,5,0,0,0.0,0.0,0.0,
16575065,5,0,0,0.0,0.0,0.0,
14393094,5,0,0,0.0,0.0,0.0,
13910758,5,0,0,0.0,0.0,0.0,
11231044,5,0,0,0.0,0.0,0.0,
1744081,5,0,0,0.0,0.0,0.0,
2685290,5,0,0,0.0,0.0,0.0,
9742256,5,0,0,0.0,0.0,0.0,
6306896,5,0,0,0.0,0.0,0.0,
6842025,5,0,0,0.0,0.0,0.0,
13892049,5,0,0,0.0,0.0,0.0,
14294690,5,0,0,0.0,0.0,0.0,
619105,5,0,0,0.0,0.0,0.0,
189951,5,0,0,0.0,0.0,0.0,
14146880,5,0,0,0.0,0.0,0.0,
3461424,5,0,0,0.0,0.0,0.0,
15449988,5,0,0,0.0,0.0,0.0,
769576,5,0,0,0.0,0.0,0.0,
13941483,5,0,0,0.0,0.0,0.0,
1341648,5,0,0,0.0,0.0,0.0,
14437063,5,0,0,0.0,0.0,0.0,
14086774,5,0,0,0.0,0.0,0.0,
2100056,5,0,0,0.0,0.0,0.0,
14178892,5,0,0,0.0,0.0,0.0,
648537,5,0,0,0.0,0.0,0.0,
14764705,5,0,0,0.0,0.0,0.0,
1156853,5,0,0,0.0,0.0,0.0,
63205,5,0,0,0.0,0.0,0.0,
14059145,5,1,0,0.0,0.0,0.0,
3300321,5,0,0,0.0,0.0,0.0,
14853378,5,0,0,0.0,0.0,0.0,
16655691,5,0,0,0.0,0.0,0.0,
14824819,5,0,0,0.0,0.0,0.0,
16567470,5,0,0,0.0,0.0,0.0,
2822499,5,0,0,0.0,0.0,0.0,
9251736,5,0,0,0.0,0.0,0.0,
1895387,5,0,0,0.0,0.0,0.0,
17233290,5,0,0,0.0,0.0,0.0,
1303850,5,0,0,0.0,0.0,0.0,
13910775,5,0,0,0.0,0.0,0.0,
13918254,5,0,0,0.0,0.0,0.0,
14397490,5,0,0,0.0,0.0,0.0,
1624378,5,0,0,0.0,0.0,0.0,
9786285,5,0,0,0.0,0.0,0.0,
1866861,5,0,0,0.0,0.0,0.0,
14569673,5,0,0,0.0,0.0,0.0,
15052078,5,0,0,0.0,0.0,0.0,
14218044,5,0,0,0.0,0.0,0.0,
14463345,5,0,0,0.0,0.0,0.0,
16623644,5,0,0,0.0,0.0,0.0,
14217190,5,0,0,0.0,0.0,0.0,
2325183,5,0,0,0.0,0.0,0.0,
3980417,5,0,0,0.0,0.0,0.0,
14017311,5,0,0,0.0,0.0,0.0,
6772139,5,0,0,0.0,0.0,0.0,
11735789,5,0,0,0.0,0.0,0.0,
14164280,5,0,0,0.0,0.0,0.0,
2327366,5,0,0,0.0,0.0,0.0,
9152062,5,0,0,0.0,0.0,0.0,
14461170,5,0,0,0.0,0.0,0.0,
16689445,5,0,0,0.0,0.0,0.0,
2814888,5,0,0,0.0,0.0,0.0,
1957681,5,0,0,0.0,0.0,0.0,
212314,5,0,0,0.0,0.0,0.0,
1904729,5,0,0,0.0,0.0,0.0,
2778711,5,0,0,0.0,0.0,0.0,
1993359,5,0,0,0.0,0.0,0.0,
14540821,5,0,0,0.0,0.0,0.0,
2914504,5,0,0,0.0,0.0,0.0,
14321847,5,0,0,0.0,0.0,0.0,
16735794,5,0,0,0.0,0.0,0.0,
14516708,5,0,0,0.0,0.0,0.0,
1632333,5,0,0,0.0,0.0,0.0,
10190920,5,0,0,0.0,0.0,0.0,
15419237,5,1,0,0.0,0.0,0.0,
720700,5,0,0,0.0,0.0,0.0,
16467759,5,0,0,0.0,0.0,0.0,
16492727,5,0,0,0.0,0.0,0.0,
11043195,5,0,0,0.0,0.0,0.0,
1194755,5,0,0,0.0,0.0,0.0,
16766046,5,0,0,0.0,0.0,0.0,
16734461,5,0,0,0.0,0.0,0.0,
1009996,5,0,0,0.0,0.0,0.0,
16873781,5,0,0,0.0,0.0,0.0,
1438667,5,0,0,0.0,0.0,0.0,
17198859,5,0,0,0.0,0.0,0.0,
16636908,5,0,0,0.0,0.0,0.0,
3469357,5,0,0,0.0,0.0,0.0,
14471830,5,0,0,0.0,0.0,0.0,
16916915,5,0,0,0.0,0.0,0.0,
483416,5,0,0,0.0,0.0,0.0,
1397244,5,0,0,0.0,0.0,0.0,
14309717,5,0,0,0.0,0.0,0.0,
2844659,5,0,0,0.0,0.0,0.0,
794991,5,0,0,0.0,0.0,0.0,
2021602,5,0,0,0.0,0.0,0.0,
14206954,5,0,0,0.0,0.0,0.0,
2973722,5,0,0,0.0,0.0,0.0,
16566151,5,0,0,0.0,0.0,0.0,
16466417,5,0,0,0.0,0.0,0.0,
5292646,5,0,0,0.0,0.0,0.0,
14121961,5,0,0,0.0,0.0,0.0,
17285275,5,0,0,0.0,0.0,0.0,
14137061,5,0,0,0.0,0.0,0.0,
14236705,5,0,0,0.0,0.0,0.0,
14086732,5,0,0,0.0,0.0,0.0,
7778278,5,0,0,0.0,0.0,0.0,
16558554,5,0,0,0.0,0.0,0.0,
2447130,5,0,0,0.0,0.0,0.0,
2951947,5,0,0,0.0,0.0,0.0,
774553,5,0,0,0.0,0.0,0.0,
1017125,5,0,0,0.0,0.0,0.0,
2899366,5,0,0,0.0,0.0,0.0,
14934744,5,0,0,0.0,0.0,0.0,
17349358,5,0,0,0.0,0.0,0.0,
16566177,5,0,0,0.0,0.0,0.0,
3288199,5,0,0,0.0,0.0,0.0,
5989239,5,0,0,0.0,0.0,0.0,
14185167,5,0,0,0.0,0.0,0.0,
14221226,5,0,0,0.0,0.0,0.0,
16573700,5,0,0,0.0,0.0,0.0,
16896885,5,0,0,0.0,0.0,0.0,
4395470,5,0,0,0.0,0.0,0.0,
14126389,5,0,0,0.0,0.0,0.0,
17302229,5,0,0,0.0,0.0,0.0,
13965481,5,0,0,0.0,0.0,0.0,
3224575,5,0,0,0.0,0.0,0.0,
10049786,5,0,0,0.0,0.0,0.0,
1820221,5,0,0,0.0,0.0,0.0,
12597303,5,0,0,0.0,0.0,0.0,
1367846,5,0,0,0.0,0.0,0.0,
16744237,5,0,0,0.0,0.0,0.0,
15477140,5,0,0,0.0,0.0,0.0,
346723,5,0,0,0.0,0.0,0.0,
2296655,5,0,0,0.0,0.0,0.0,
7950625,5,0,0,0.0,0.0,0.0,
481216,5,0,0,0.0,0.0,0.0,
14137035,5,0,0,0.0,0.0,0.0,
8287,5,0,0,0.0,0.0,0.0,
9316675,5,0,0,0.0,0.0,0.0,
14925426,5,0,0,0.0,0.0,0.0,
15432650,5,0,0,0.0,0.0,0.0,
209198,5,0,0,0.0,0.0,0.0,
16742052,5,0,0,0.0,0.0,0.0,
14859030,5,0,0,0.0,0.0,0.0,
1362140,5,0,0,0.0,0.0,0.0,
1703194,5,0,0,0.0,0.0,0.0,
2936783,5,0,0,0.0,0.0,0.0,
16828778,5,0,0,0.0,0.0,0.0,
7715983,5,0,0,0.0,0.0,0.0,
7505471,5,0,0,0.0,0.0,0.0,
15116103,5,0,0,0.0,0.0,0.0,
16676574,5,0,0,0.0,0.0,0.0,
14686795,5,0,0,0.0,0.0,0.0,
14255468,5,0,0,0.0,0.0,0.0,
13829650,5,0,0,0.0,0.0,0.0,
4648739,5,0,0,0.0,0.0,0.0,
2055845,5,0,0,0.0,0.0,0.0,
3971989,5,0,0,0.0,0.0,0.0,
1675055,5,0,0,0.0,0.0,0.0,
2961724,5,0,0,0.0,0.0,0.0,
13880937,5,0,0,0.0,0.0,0.0,
15453584,5,0,0,0.0,0.0,0.0,
372169,5,0,0,0.0,0.0,0.0,
2999908,5,0,0,0.0,0.0,0.0,
3101741,5,0,0,0.0,0.0,0.0,
14430091,5,0,0,0.0,0.0,0.0,
1732947,5,0,0,0.0,0.0,0.0,
5344708,5,0,0,0.0,0.0,0.0,
9504119,5,0,0,0.0,0.0,0.0,
14619598,5,0,0,0.0,0.0,0.0,
16566198,5,0,0,0.0,0.0,0.0,
15174427,5,0,0,0.0,0.0,0.0,
12457545,5,0,0,0.0,0.0,0.0,
3760126,5,0,0,0.0,0.0,0.0,
3004695,5,0,0,0.0,0.0,0.0,
16594660,5,0,0,0.0,0.0,0.0,
14233222,5,0,0,0.0,0.0,0.0,
15422431,5,0,0,0.0,0.0,0.0,
14706835,5,0,0,0.0,0.0,0.0,
1247286,5,0,0,0.0,0.0,0.0,
3004699,5,0,0,0.0,0.0,0.0,
1843321,5,0,0,0.0,0.0,0.0,
14331619,5,0,0,0.0,0.0,0.0,
14210189,5,0,0,0.0,0.0,0.0,
1717782,5,0,0,0.0,0.0,0.0,
15422438,5,1,0,0.0,0.0,0.0,
7037588,5,0,0,0.0,0.0,0.0,
16617366,5,0,0,0.0,0.0,0.0,
14294610,5,0,0,0.0,0.0,0.0,
840017,5,0,0,0.0,0.0,0.0,
2858800,5,0,0,0.0,0.0,0.0,
2994687,5,0,0,0.0,0.0,0.0,
5226322,5,0,0,0.0,0.0,0.0,
15455774,5,0,0,0.0,0.0,0.0,
3155115,5,0,0,0.0,0.0,0.0,
17360564,5,0,0,0.0,0.0,0.0,
1599760,5,0,0,0.0,0.0,0.0,
2005577,5,0,0,0.0,0.0,0.0,
13971746,5,0,0,0.0,0.0,0.0,
309781,5,0,0,0.0,0.0,0.0,
17297299,5,0,0,0.0,0.0,0.0,
5031835,5,0,0,0.0,0.0,0.0,
14672180,5,0,0,0.0,0.0,0.0,
2386105,5,0,0,0.0,0.0,0.0,
14267021,5,0,0,0.0,0.0,0.0,
1134666,5,0,0,0.0,0.0,0.0,
5842460,5,0,0,0.0,0.0,0.0,
1623445,5,0,0,0.0,0.0,0.0,
14001364,5,0,0,0.0,0.0,0.0,
644570,5,0,0,0.0,0.0,0.0,
16991766,5,0,0,0.0,0.0,0.0,
14395220,5,0,0,0.0,0.0,0.0,
3471659,5,0,0,0.0,0.0,0.0,
12341890,5,0,0,0.0,0.0,0.0,
2191626,5,0,0,0.0,0.0,0.0,
14725545,5,0,0,0.0,0.0,0.0,
16656930,5,0,0,0.0,0.0,0.0,
1716475,5,0,0,0.0,0.0,0.0,
3297956,5,0,0,0.0,0.0,0.0,
13908081,5,0,0,0.0,0.0,0.0,
15401517,5,0,0,0.0,0.0,0.0,
14209189,5,0,0,0.0,0.0,0.0,
16584849,5,0,0,0.0,0.0,0.0,
14154892,5,0,0,0.0,0.0,0.0,
14173132,5,0,0,0.0,0.0,0.0,
15106364,5,0,0,0.0,0.0,0.0,
1236140,5,0,0,0.0,0.0,0.0,
11570290,5,0,0,0.0,0.0,0.0,
13874217,5,0,0,0.0,0.0,0.0,
47148,5,0,0,0.0,0.0,0.0,
14411788,5,0,0,0.0,0.0,0.0,
14525236,5,0,0,0.0,0.0,0.0,
17037746,5,0,0,0.0,0.0,0.0,
2110233,5,0,0,0.0,0.0,0.0,
14937829,5,0,0,0.0,0.0,0.0,
12216720,5,0,0,0.0,0.0,0.0,
15852426,5,0,0,0.0,0.0,0.0,
16676531,5,0,0,0.0,0.0,0.0,
259448,5,0,0,0.0,0.0,0.0,
2991151,5,0,0,0.0,0.0,0.0,
7472919,5,0,0,0.0,0.0,0.0,
4584225,5,0,0,0.0,0.0,0.0,
2050597,5,0,0,0.0,0.0,0.0,
14246,5,0,0,0.0,0.0,0.0,
16631668,5,0,0,0.0,0.0,0.0,
4780175,5,0,0,0.0,0.0,0.0,
2329141,5,0,0,0.0,0.0,0.0,
15422426,5,0,0,0.0,0.0,0.0,
1282094,5,0,0,0.0,0.0,0.0,
8237120,5,0,0,0.0,0.0,0.0,
13956142,5,0,0,0.0,0.0,0.0,
14208748,5,0,0,0.0,0.0,0.0,
2041740,5,0,0,0.0,0.0,0.0,
10786866,5,0,0,0.0,0.0,0.0,
13993568,5,0,0,0.0,0.0,0.0,
5452027,5,0,0,0.0,0.0,0.0,
14150436,5,0,0,0.0,0.0,0.0,
1208966,5,0,0,0.0,0.0,0.0,
14391433,5,0,0,0.0,0.0,0.0,
1605595,5,0,0,0.0,0.0,0.0,
2333189,5,0,0,0.0,0.0,0.0,
5066526,5,0,0,0.0,0.0,0.0,
14342025,5,0,0,0.0,0.0,0.0,
12461320,5,0,0,0.0,0.0,0.0,
14413305,5,0,0,0.0,0.0,0.0,
1289971,5,0,0,0.0,0.0,0.0,
2862027,5,0,0,0.0,0.0,0.0,
1538667,5,0,0,0.0,0.0,0.0,
14263135,5,0,0,0.0,0.0,0.0,
7346028,5,0,0,0.0,0.0,0.0,
13984604,5,0,0,0.0,0.0,0.0,
17308085,5,0,0,0.0,0.0,0.0,
8057533,5,0,0,0.0,0.0,0.0,
15463472,5,1,0,0.0,0.0,0.0,
17344182,5,0,0,0.0,0.0,0.0,
1070418,5,0,0,0.0,0.0,0.0,
6389363,5,0,0,0.0,0.0,0.0,
14308592,5,0,0,0.0,0.0,0.0,
16707498,5,0,0,0.0,0.0,0.0,
9448590,5,0,0,0.0,0.0,0.0,
14345547,5,1,1,1.0,1.0,1.0,
4450449,5,0,0,0.0,0.0,0.0,
548648,5,0,0,0.0,0.0,0.0,
16662469,5,0,0,0.0,0.0,0.0,
1318596,5,0,0,0.0,0.0,0.0,
16620625,5,0,0,0.0,0.0,0.0,
12063861,5,0,0,0.0,0.0,0.0,
14392307,5,0,0,0.0,0.0,0.0,
17360670,5,0,0,0.0,0.0,0.0,
13507099,5,0,0,0.0,0.0,0.0,
2464995,5,0,0,0.0,0.0,0.0,
15437163,5,0,0,0.0,0.0,0.0,
14792892,5,0,0,0.0,0.0,0.0,
16827706,5,0,0,0.0,0.0,0.0,
11905750,5,0,0,0.0,0.0,0.0,
16685571,5,0,0,0.0,0.0,0.0,
779835,5,0,0,0.0,0.0,0.0,
6357309,5,0,0,0.0,0.0,0.0,
14628016,5,0,0,0.0,0.0,0.0,
16536377,5,0,0,0.0,0.0,0.0,
14398087,5,0,0,0.0,0.0,0.0,
13790873,5,0,0,0.0,0.0,0.0,
4354171,5,0,0,0.0,0.0,0.0,
1516873,5,0,0,0.0,0.0,0.0,
16617463,5,0,0,0.0,0.0,0.0,
17046497,5,0,0,0.0,0.0,0.0,
16675762,5,0,0,0.0,0.0,0.0,
16620616,5,0,0,0.0,0.0,0.0,
16491365,5,0,0,0.0,0.0,0.0,
14221757,5,0,0,0.0,0.0,0.0,
15320906,5,0,0,0.0,0.0,0.0,
6470551,5,0,0,0.0,0.0,0.0,
17059329,5,0,0,0.0,0.0,0.0,
15085574,5,0,0,0.0,0.0,0.0,
7954262,5,0,0,0.0,0.0,0.0,
16686416,5,0,0,0.0,0.0,0.0,
1684398,5,0,0,0.0,0.0,0.0,
501590,5,0,0,0.0,0.0,0.0,
1230881,5,0,0,0.0,0.0,0.0,
14439982,5,0,0,0.0,0.0,0.0,
17316973,5,0,0,0.0,0.0,0.0,
16563524,5,0,0,0.0,0.0,0.0,
19660,5,0,0,0.0,0.0,0.0,
14055002,5,0,0,0.0,0.0,0.0,
3767718,5,0,0,0.0,0.0,0.0,
1707590,5,0,0,0.0,0.0,0.0,
17265212,5,0,0,0.0,0.0,0.0,
16753343,5,1,0,0.0,0.0,0.0,
15346258,5,0,0,0.0,0.0,0.0,
10967778,5,0,0,0.0,0.0,0.0,
14352262,5,0,0,0.0,0.0,0.0,
14505109,5,0,0,0.0,0.0,0.0,
3425609,5,0,0,0.0,0.0,0.0,
2271637,5,0,0,0.0,0.0,0.0,
14266208,5,0,0,0.0,0.0,0.0,
1671912,5,0,0,0.0,0.0,0.0,
17303663,5,0,0,0.0,0.0,0.0,
2416479,5,0,0,0.0,0.0,0.0,
10190330,5,0,0,0.0,0.0,0.0,
3052264,5,0,0,0.0,0.0,0.0,
1161727,5,0,0,0.0,0.0,0.0,
780435,5,0,0,0.0,0.0,0.0,
14838782,5,0,0,0.0,0.0,0.0,
14245755,5,0,0,0.0,0.0,0.0,
16539435,5,0,0,0.0,0.0,0.0,
7156205,5,0,0,0.0,0.0,0.0,
10587689,5,0,0,0.0,0.0,0.0,
14943542,5,0,0,0.0,0.0,0.0,
13909333,5,0,0,0.0,0.0,0.0,
5247878,5,0,0,0.0,0.0,0.0,
14349083,5,0,0,0.0,0.0,0.0,
1740149,5,0,0,0.0,0.0,0.0,
5292089,5,0,0,0.0,0.0,0.0,
1205038,5,0,0,0.0,0.0,0.0,
13731602,5,0,0,0.0,0.0,0.0,
1881305,5,0,0,0.0,0.0,0.0,
2249702,5,0,0,0.0,0.0,0.0,
2351431,5,0,0,0.0,0.0,0.0,
16603250,5,0,0,0.0,0.0,0.0,
15464775,5,0,0,0.0,0.0,0.0,
16949753,5,0,0,0.0,0.0,0.0,
867237,5,0,0,0.0,0.0,0.0,
1118921,5,0,0,0.0,0.0,0.0,
1168372,5,0,0,0.0,0.0,0.0,
4259613,5,0,0,0.0,0.0,0.0,
14230265,5,0,0,0.0,0.0,0.0,
2770209,5,0,0,0.0,0.0,0.0,
1305240,5,0,0,0.0,0.0,0.0,
16938618,5,0,0,0.0,0.0,0.0,
820171,5,0,0,0.0,0.0,0.0,
1210855,5,0,0,0.0,0.0,0.0,
8033124,5,0,0,0.0,0.0,0.0,
14329011,5,0,0,0.0,0.0,0.0,
16775141,5,0,0,0.0,0.0,0.0,
14171360,5,1,0,0.0,0.0,0.0,
11754281,5,0,0,0.0,0.0,0.0,
1920624,5,0,0,0.0,0.0,0.0,
779468,5,2,2,1.0,1.0,1.0,
15404652,5,0,0,0.0,0.0,0.0,
14347321,5,0,0,0.0,0.0,0.0,
16828183,5,0,0,0.0,0.0,0.0,
16625458,5,0,0,0.0,0.0,0.0,
14236383,5,0,0,0.0,0.0,0.0,
10000129,5,0,0,0.0,0.0,0.0,
16681150,5,0,0,0.0,0.0,0.0,
14323344,5,0,0,0.0,0.0,0.0,
4910335,5,0,0,0.0,0.0,0.0,
2984042,5,0,0,0.0,0.0,0.0,
16832691,5,0,0,0.0,0.0,0.0,
14399314,5,0,0,0.0,0.0,0.0,
1602914,5,0,0,0.0,0.0,0.0,
14110395,5,0,0,0.0,0.0,0.0,
16602347,5,0,0,0.0,0.0,0.0,
3541082,5,0,0,0.0,0.0,0.0,
208767,5,0,0,0.0,0.0,0.0,
15170764,5,0,0,0.0,0.0,0.0,
14388675,5,0,0,0.0,0.0,0.0,
12207,5,0,0,0.0,0.0,0.0,
14493078,5,0,0,0.0,0.0,0.0,
2755040,5,0,0,0.0,0.0,0.0,
2182072,5,0,0,0.0,0.0,0.0,
2996022,5,0,0,0.0,0.0,0.0,
14429725,5,0,0,0.0,0.0,0.0,
4869107,5,0,0,0.0,0.0,0.0,
935095,5,0,0,0.0,0.0,0.0,
11355,5,0,0,0.0,0.0,0.0,
14474773,5,0,0,0.0,0.0,0.0,
211920,5,0,0,0.0,0.0,0.0,
2986692,5,0,0,0.0,0.0,0.0,
17284878,5,0,0,0.0,0.0,0.0,
3173456,5,0,0,0.0,0.0,0.0,
1047213,5,1,1,1.0,1.0,1.0,
14263500,5,0,0,0.0,0.0,0.0,
9245813,5,0,0,0.0,0.0,0.0,
6287747,5,0,0,0.0,0.0,0.0,
1838597,5,0,0,0.0,0.0,0.0,
16600182,5,0,0,0.0,0.0,0.0,
16906229,5,0,0,0.0,0.0,0.0,
1035237,5,0,0,0.0,0.0,0.0,
4565355,5,0,0,0.0,0.0,0.0,
14402237,5,0,0,0.0,0.0,0.0,
13096593,5,0,0,0.0,0.0,0.0,
1711269,5,0,0,0.0,0.0,0.0,
14301590,5,0,0,0.0,0.0,0.0,
16984985,5,0,0,0.0,0.0,0.0,
15275851,5,0,0,0.0,0.0,0.0,
1165739,5,0,0,0.0,0.0,0.0,
9062373,5,0,0,0.0,0.0,0.0,
1811068,5,0,0,0.0,0.0,0.0,
16618710,5,0,0,0.0,0.0,0.0,
1024101,5,0,0,0.0,0.0,0.0,
13896822,5,0,0,0.0,0.0,0.0,
1133707,5,0,0,0.0,0.0,0.0,
13873726,5,0,0,0.0,0.0,0.0,
2242694,5,0,0,0.0,0.0,0.0,
13871548,5,0,0,0.0,0.0,0.0,
590133,5,0,0,0.0,0.0,0.0,
17199230,5,0,0,0.0,0.0,0.0,
9028486,5,0,0,0.0,0.0,0.0,
12809280,5,0,0,0.0,0.0,0.0,
1583656,5,0,0,0.0,0.0,0.0,
15471034,5,0,0,0.0,0.0,0.0,
15359509,5,0,0,0.0,0.0,0.0,
8983064,5,1,0,0.0,0.0,0.0,
14717178,5,0,0,0.0,0.0,0.0,
1735689,5,0,0,0.0,0.0,0.0,
16555960,5,0,0,0.0,0.0,0.0,
1716940,5,0,0,0.0,0.0,0.0,
15404695,5,0,0,0.0,0.0,0.0,
14177041,5,0,0,0.0,0.0,0.0,
5254588,5,0,0,0.0,0.0,0.0,
16622387,5,0,0,0.0,0.0,0.0,
16834429,5,0,0,0.0,0.0,0.0,
2797390,5,0,0,0.0,0.0,0.0,
14983139,5,1,0,0.0,0.0,0.0,
16625897,5,0,0,0.0,0.0,0.0,
2919432,5,0,0,0.0,0.0,0.0,
4409856,5,0,0,0.0,0.0,0.0,
15474959,5,0,0,0.0,0.0,0.0,
8029010,5,0,0,0.0,0.0,0.0,
14533644,5,0,0,0.0,0.0,0.0,
829858,5,0,0,0.0,0.0,0.0,
1826141,5,0,0,0.0,0.0,0.0,
15342275,5,0,0,0.0,0.0,0.0,
14529152,5,0,0,0.0,0.0,0.0,
1735655,5,0,0,0.0,0.0,0.0,
11635276,5,0,0,0.0,0.0,0.0,
5543360,5,0,0,0.0,0.0,0.0,
1839875,5,0,0,0.0,0.0,0.0,
1549757,5,0,0,0.0,0.0,0.0,
16587103,5,0,0,0.0,0.0,0.0,
12590520,5,0,0,0.0,0.0,0.0,
1608652,5,0,0,0.0,0.0,0.0,
17331278,5,0,0,0.0,0.0,0.0,
16626740,5,0,0,0.0,0.0,0.0,
13996225,5,0,0,0.0,0.0,0.0,
13972277,5,0,0,0.0,0.0,0.0,
14398054,5,0,0,0.0,0.0,0.0,
15140900,5,0,0,0.0,0.0,0.0,
305822,5,0,0,0.0,0.0,0.0,
3688824,5,0,0,0.0,0.0,0.0,
17346725,5,0,0,0.0,0.0,0.0,
14577209,5,0,0,0.0,0.0,0.0,
3724606,5,0,0,0.0,0.0,0.0,
1127454,5,0,0,0.0,0.0,0.0,
14305901,5,0,0,0.0,0.0,0.0,
14262214,5,0,0,0.0,0.0,0.0,
14207439,5,0,0,0.0,0.0,0.0,
13559920,5,0,0,0.0,0.0,0.0,
14929671,5,0,0,0.0,0.0,0.0,
3291969,5,0,0,0.0,0.0,0.0,
3897836,5,0,0,0.0,0.0,0.0,
16596023,5,0,0,0.0,0.0,0.0,
336572,5,0,0,0.0,0.0,0.0,
1164840,5,0,0,0.0,0.0,0.0,
15449577,5,0,0,0.0,0.0,0.0,
1803001,5,0,0,0.0,0.0,0.0,
1291856,5,0,0,0.0,0.0,0.0,
14343379,5,0,0,0.0,0.0,0.0,
10758809,5,0,0,0.0,0.0,0.0,
16672613,5,0,0,0.0,0.0,0.0,
42496,5,0,0,0.0,0.0,0.0,
2992927,5,0,0,0.0,0.0,0.0,
1025879,5,0,0,0.0,0.0,0.0,
9927111,5,0,0,0.0,0.0,0.0,
5221655,5,0,0,0.0,0.0,0.0,
9011981,5,0,0,0.0,0.0,0.0,
14481037,5,0,0,0.0,0.0,0.0,
1016922,5,0,0,0.0,0.0,0.0,
14388257,5,0,0,0.0,0.0,0.0,
16738157,5,0,0,0.0,0.0,0.0,
7275563,5,0,0,0.0,0.0,0.0,
2231129,5,0,0,0.0,0.0,0.0,
14251100,5,0,0,0.0,0.0,0.0,
3299441,5,0,0,0.0,0.0,0.0,
14778957,5,0,0,0.0,0.0,0.0,
2906168,5,0,0,0.0,0.0,0.0,
841899,5,0,0,0.0,0.0,0.0,
16506495,5,0,0,0.0,0.0,0.0,
1922436,5,0,0,0.0,0.0,0.0,
5472429,5,0,0,0.0,0.0,0.0,
14268016,5,0,0,0.0,0.0,0.0,
14294303,5,0,0,0.0,0.0,0.0,
16155877,5,0,0,0.0,0.0,0.0,
14008734,5,0,0,0.0,0.0,0.0,
15379525,5,0,0,0.0,0.0,0.0,
14187285,5,0,0,0.0,0.0,0.0,
17011861,5,0,0,0.0,0.0,0.0,
6610046,5,0,0,0.0,0.0,0.0,
335342,5,0,0,0.0,0.0,0.0,
1760252,5,0,0,0.0,0.0,0.0,
16738540,5,0,0,0.0,0.0,0.0,
13931770,5,0,0,0.0,0.0,0.0,
5092490,5,0,0,0.0,0.0,0.0,
13919641,5,0,0,0.0,0.0,0.0,
17192118,5,0,0,0.0,0.0,0.0,
15401656,5,0,0,0.0,0.0,0.0,
14920030,5,0,0,0.0,0.0,0.0,
14133892,5,0,0,0.0,0.0,0.0,
1053506,5,0,0,0.0,0.0,0.0,
4331970,5,0,0,0.0,0.0,0.0,
12744606,5,0,0,0.0,0.0,0.0,
820942,5,0,0,0.0,0.0,0.0,
15379512,5,0,0,0.0,0.0,0.0,
14878307,5,0,0,0.0,0.0,0.0,
9440197,5,0,0,0.0,0.0,0.0,
16632262,5,0,0,0.0,0.0,0.0,
14764414,5,0,0,0.0,0.0,0.0,
1096235,5,0,0,0.0,0.0,0.0,
1050472,5,0,0,0.0,0.0,0.0,
16657580,5,0,0,0.0,0.0,0.0,
97980,5,0,0,0.0,0.0,0.0,
16625968,5,0,0,0.0,0.0,0.0,
10550764,5,0,0,0.0,0.0,0.0,
4155011,5,0,0,0.0,0.0,0.0,
2754232,5,0,0,0.0,0.0,0.0,
15164922,5,0,0,0.0,0.0,0.0,
16577312,5,0,0,0.0,0.0,0.0,
16819763,5,0,0,0.0,0.0,0.0,
2400531,5,0,0,0.0,0.0,0.0,
1887442,5,0,0,0.0,0.0,0.0,
16626842,5,0,0,0.0,0.0,0.0,
16587110,5,0,0,0.0,0.0,0.0,
3534716,5,0,0,0.0,0.0,0.0,
2249342,5,0,0,0.0,0.0,0.0,
1748116,5,0,0,0.0,0.0,0.0,
16694891,5,0,0,0.0,0.0,0.0,
17054563,5,1,0,0.0,0.0,0.0,
17292096,5,0,0,0.0,0.0,0.0,
14406679,5,0,0,0.0,0.0,0.0,
14154336,5,0,0,0.0,0.0,0.0,
1213537,5,0,0,0.0,0.0,0.0,
17191249,5,0,0,0.0,0.0,0.0,
1841240,5,0,0,0.0,0.0,0.0,
16577345,5,0,0,0.0,0.0,0.0,
1340882,5,0,0,0.0,0.0,0.0,
2238236,5,0,0,0.0,0.0,0.0,
1846946,5,0,0,0.0,0.0,0.0,
1349220,5,0,0,0.0,0.0,0.0,
16587120,5,0,0,0.0,0.0,0.0,
14353934,5,0,0,0.0,0.0,0.0,
3309298,5,0,0,0.0,0.0,0.0,
16635790,5,0,0,0.0,0.0,0.0,
1187480,5,0,0,0.0,0.0,0.0,
1513807,5,0,0,0.0,0.0,0.0,
14085349,5,0,0,0.0,0.0,0.0,
2296148,5,0,0,0.0,0.0,0.0,
1199453,5,0,0,0.0,0.0,0.0,
1861279,5,0,0,0.0,0.0,0.0,
14694490,5,0,0,0.0,0.0,0.0,
16533794,5,0,0,0.0,0.0,0.0,
16846925,5,0,0,0.0,0.0,0.0,
14223149,5,0,0,0.0,0.0,0.0,
16739427,5,0,0,0.0,0.0,0.0,
16657524,5,0,0,0.0,0.0,0.0,
16634886,5,0,0,0.0,0.0,0.0,
15280712,5,0,0,0.0,0.0,0.0,
16464560,5,1,0,0.0,0.0,0.0,
14282350,5,0,0,0.0,0.0,0.0,
808874,5,0,0,0.0,0.0,0.0,
759424,5,0,0,0.0,0.0,0.0,
1629923,5,0,0,0.0,0.0,0.0,
1386668,5,0,0,0.0,0.0,0.0,
2092467,5,0,0,0.0,0.0,0.0,
15412365,5,0,0,0.0,0.0,0.0,
15315078,5,0,0,0.0,0.0,0.0,
16566224,5,0,0,0.0,0.0,0.0,
1079711,5,0,0,0.0,0.0,0.0,
810719,5,0,0,0.0,0.0,0.0,
14040892,5,0,0,0.0,0.0,0.0,
14146762,5,0,0,0.0,0.0,0.0,
1618805,5,0,0,0.0,0.0,0.0,
17331317,5,0,0,0.0,0.0,0.0,
4476575,5,0,0,0.0,0.0,0.0,
16738571,5,0,0,0.0,0.0,0.0,
16755099,5,0,0,0.0,0.0,0.0,
16978260,5,0,0,0.0,0.0,0.0,
14940938,5,0,0,0.0,0.0,0.0,
14237315,5,0,0,0.0,0.0,0.0,
16626806,5,0,0,0.0,0.0,0.0,
16622445,5,0,0,0.0,0.0,0.0,
2159654,5,0,0,0.0,0.0,0.0,
16993422,5,0,0,0.0,0.0,0.0,
16614817,5,0,0,0.0,0.0,0.0,
13818839,5,0,0,0.0,0.0,0.0,
1787790,5,0,0,0.0,0.0,0.0,
14683377,5,0,0,0.0,0.0,0.0,
14285840,5,0,0,0.0,0.0,0.0,
3428786,5,0,0,0.0,0.0,0.0,
14992589,5,0,0,0.0,0.0,0.0,
15297125,5,0,0,0.0,0.0,0.0,
14702172,5,0,0,0.0,0.0,0.0,
15403892,5,0,0,0.0,0.0,0.0,
2284132,5,0,0,0.0,0.0,0.0,
14408434,5,0,0,0.0,0.0,0.0,
8246849,5,0,0,0.0,0.0,0.0,
4740476,5,0,0,0.0,0.0,0.0,
5006926,5,1,0,0.0,0.0,0.0,
15024985,5,0,0,0.0,0.0,0.0,
768348,5,0,0,0.0,0.0,0.0,
4772040,5,0,0,0.0,0.0,0.0,
10134582,5,0,0,0.0,0.0,0.0,
14386477,5,2,2,1.0,1.0,1.0,
17394051,5,0,0,0.0,0.0,0.0,
1798448,5,0,0,0.0,0.0,0.0,
14812096,5,0,0,0.0,0.0,0.0,
1757922,5,0,0,0.0,0.0,0.0,
3875265,5,0,0,0.0,0.0,0.0,
14389085,5,0,0,0.0,0.0,0.0,
14204425,5,0,0,0.0,0.0,0.0,
3736177,5,0,0,0.0,0.0,0.0,
2190479,5,0,0,0.0,0.0,0.0,
351303,5,0,0,0.0,0.0,0.0,
16620206,5,0,0,0.0,0.0,0.0,
15318528,5,0,0,0.0,0.0,0.0,
14539706,5,0,0,0.0,0.0,0.0,
15280758,5,0,0,0.0,0.0,0.0,
14073319,5,0,0,0.0,0.0,0.0,
16517555,5,0,0,0.0,0.0,0.0,
1812748,5,0,0,0.0,0.0,0.0,
1341797,5,0,0,0.0,0.0,0.0,
840173,5,0,0,0.0,0.0,0.0,
7164771,5,0,0,0.0,0.0,0.0,
1548074,5,0,0,0.0,0.0,0.0,
16554285,5,0,0,0.0,0.0,0.0,
7055,5,0,0,0.0,0.0,0.0,
14007812,5,0,0,0.0,0.0,0.0,
14818620,5,0,0,0.0,0.0,0.0,
14006960,5,0,0,0.0,0.0,0.0,
2320276,5,0,0,0.0,0.0,0.0,
165486,5,0,0,0.0,0.0,0.0,
12068343,5,0,0,0.0,0.0,0.0,
10746346,5,0,0,0.0,0.0,0.0,
2564766,5,0,0,0.0,0.0,0.0,
16547520,5,0,0,0.0,0.0,0.0,
1717456,5,0,0,0.0,0.0,0.0,
16566274,5,0,0,0.0,0.0,0.0,
222254,5,0,0,0.0,0.0,0.0,
1904611,5,0,0,0.0,0.0,0.0,
14293846,5,0,0,0.0,0.0,0.0,
16727802,5,0,0,0.0,0.0,0.0,
3301718,5,0,0,0.0,0.0,0.0,
14245313,5,0,0,0.0,0.0,0.0,
3729419,5,0,0,0.0,0.0,0.0,
16578280,5,0,0,0.0,0.0,0.0,
1213130,5,0,0,0.0,0.0,0.0,
7572758,5,0,0,0.0,0.0,0.0,
14395300,5,0,0,0.0,0.0,0.0,
11808651,5,0,0,0.0,0.0,0.0,
16566298,5,0,0,0.0,0.0,0.0,
14316167,5,0,0,0.0,0.0,0.0,
11631340,5,0,0,0.0,0.0,0.0,
17188905,5,0,0,0.0,0.0,0.0,
14936807,5,0,0,0.0,0.0,0.0,
16806012,5,0,0,0.0,0.0,0.0,
16731053,5,0,0,0.0,0.0,0.0,
9630431,5,0,0,0.0,0.0,0.0,
4842531,5,0,0,0.0,0.0,0.0,
212469,5,0,0,0.0,0.0,0.0,
16299593,5,0,0,0.0,0.0,0.0,
18755,5,0,0,0.0,0.0,0.0,
16815330,5,0,0,0.0,0.0,0.0,
1722808,5,0,0,0.0,0.0,0.0,
15453297,5,0,0,0.0,0.0,0.0,
1401052,5,0,0,0.0,0.0,0.0,
10877692,5,1,0,0.0,0.0,0.0,
1997623,5,0,0,0.0,0.0,0.0,
1235374,5,0,0,0.0,0.0,0.0,
16559517,5,0,0,0.0,0.0,0.0,
14435658,5,0,0,0.0,0.0,0.0,
1781142,5,0,0,0.0,0.0,0.0,
2269359,5,0,0,0.0,0.0,0.0,
758196,5,0,0,0.0,0.0,0.0,
17303689,5,0,0,0.0,0.0,0.0,
15171277,5,0,0,0.0,0.0,0.0,
28563,5,0,0,0.0,0.0,0.0,
14085743,5,0,0,0.0,0.0,0.0,
2785728,5,0,0,0.0,0.0,0.0,
12690712,5,0,0,0.0,0.0,0.0,
14454340,5,0,0,0.0,0.0,0.0,
16361330,5,0,0,0.0,0.0,0.0,
6902408,5,0,0,0.0,0.0,0.0,
14916819,5,0,0,0.0,0.0,0.0,
14165850,5,0,0,0.0,0.0,0.0,
2952932,5,0,0,0.0,0.0,0.0,
2111695,5,0,0,0.0,0.0,0.0,
2681645,5,0,0,0.0,0.0,0.0,
753702,5,0,0,0.0,0.0,0.0,
13865601,5,0,0,0.0,0.0,0.0,
772466,5,0,0,0.0,0.0,0.0,
1809124,5,0,0,0.0,0.0,0.0,
2752413,5,0,0,0.0,0.0,0.0,
1180431,5,0,0,0.0,0.0,0.0,
10367972,5,0,0,0.0,0.0,0.0,
14956429,5,0,0,0.0,0.0,0.0,
9765071,5,0,0,0.0,0.0,0.0,
17362862,5,0,0,0.0,0.0,0.0,
851270,5,0,0,0.0,0.0,0.0,
14061779,5,0,0,0.0,0.0,0.0,
14539741,5,0,0,0.0,0.0,0.0,
14442363,5,0,0,0.0,0.0,0.0,
2846756,5,0,0,0.0,0.0,0.0,
3841044,5,0,0,0.0,0.0,0.0,
3716531,5,0,0,0.0,0.0,0.0,
14260955,5,0,0,0.0,0.0,0.0,
2025284,5,0,0,0.0,0.0,0.0,
17328549,5,0,0,0.0,0.0,0.0,
2890423,5,0,0,0.0,0.0,0.0,
1576509,5,0,0,0.0,0.0,0.0,
14151275,5,0,0,0.0,0.0,0.0,
14156960,5,0,0,0.0,0.0,0.0,
14212477,5,1,0,0.0,0.0,0.0,
16988476,5,0,0,0.0,0.0,0.0,
215540,5,0,0,0.0,0.0,0.0,
8217936,5,0,0,0.0,0.0,0.0,
4470894,5,0,0,0.0,0.0,0.0,
1782022,5,0,0,0.0,0.0,0.0,
16639280,5,0,0,0.0,0.0,0.0,
14558492,5,0,0,0.0,0.0,0.0,
9536483,5,0,0,0.0,0.0,0.0,
1484622,5,0,0,0.0,0.0,0.0,
16639281,5,0,0,0.0,0.0,0.0,
3463911,5,0,0,0.0,0.0,0.0,
2867640,5,0,0,0.0,0.0,0.0,
14278234,5,0,0,0.0,0.0,0.0,
11840393,5,0,0,0.0,0.0,0.0,
2760016,5,0,0,0.0,0.0,0.0,
2759018,5,0,0,0.0,0.0,0.0,
11467238,5,0,0,0.0,0.0,0.0,
16838015,5,0,0,0.0,0.0,0.0,
17267337,5,0,0,0.0,0.0,0.0,
13995803,5,0,0,0.0,0.0,0.0,
214222,5,0,0,0.0,0.0,0.0,
9504441,5,0,0,0.0,0.0,0.0,
5167643,5,0,0,0.0,0.0,0.0,
16537307,5,0,0,0.0,0.0,0.0,
5349056,5,0,0,0.0,0.0,0.0,
2038122,5,0,0,0.0,0.0,0.0,
16698424,5,0,0,0.0,0.0,0.0,
12575837,5,0,0,0.0,0.0,0.0,
787910,5,0,0,0.0,0.0,0.0,
15320825,5,0,0,0.0,0.0,0.0,
968017,5,0,0,0.0,0.0,0.0,
331785,5,0,0,0.0,0.0,0.0,
1163091,5,0,0,0.0,0.0,0.0,
800502,5,0,0,0.0,0.0,0.0,
17409564,5,0,0,0.0,0.0,0.0,
1857627,5,0,0,0.0,0.0,0.0,
14115196,5,0,0,0.0,0.0,0.0,
8612842,5,0,0,0.0,0.0,0.0,
14457874,5,0,0,0.0,0.0,0.0,
2927522,5,0,0,0.0,0.0,0.0,
3855016,5,0,0,0.0,0.0,0.0,
14264570,5,0,0,0.0,0.0,0.0,
16639340,5,0,0,0.0,0.0,0.0,
3001819,5,0,0,0.0,0.0,0.0,
2311274,5,0,0,0.0,0.0,0.0,
15157604,5,0,0,0.0,0.0,0.0,
16620724,5,0,0,0.0,0.0,0.0,
2669,5,0,0,0.0,0.0,0.0,
16593011,5,0,0,0.0,0.0,0.0,
3900145,5,0,0,0.0,0.0,0.0,
14747991,5,0,0,0.0,0.0,0.0,
14173437,5,0,0,0.0,0.0,0.0,
2315634,5,0,0,0.0,0.0,0.0,
15235654,5,0,0,0.0,0.0,0.0,
13080710,5,0,0,0.0,0.0,0.0,
5510117,5,0,0,0.0,0.0,0.0,
16631855,5,0,0,0.0,0.0,0.0,
11963982,5,0,0,0.0,0.0,0.0,
16620710,5,0,0,0.0,0.0,0.0,
5785112,5,0,0,0.0,0.0,0.0,
2965026,5,0,0,0.0,0.0,0.0,
13981211,5,0,0,0.0,0.0,0.0,
8173983,5,0,0,0.0,0.0,0.0,
16629527,5,0,0,0.0,0.0,0.0,
8872858,5,0,0,0.0,0.0,0.0,
14037961,5,0,0,0.0,0.0,0.0,
2063648,5,0,0,0.0,0.0,0.0,
2843603,5,0,0,0.0,0.0,0.0,
1197611,5,0,0,0.0,0.0,0.0,
2613987,5,0,0,0.0,0.0,0.0,
14147139,5,0,0,0.0,0.0,0.0,
1620643,5,0,0,0.0,0.0,0.0,
1609823,5,0,0,0.0,0.0,0.0,
996311,5,0,0,0.0,0.0,0.0,
14482679,5,0,0,0.0,0.0,0.0,
16730356,5,0,0,0.0,0.0,0.0,
1618339,5,0,0,0.0,0.0,0.0,
17201968,5,0,0,0.0,0.0,0.0,
16629564,5,0,0,0.0,0.0,0.0,
14529894,5,0,0,0.0,0.0,0.0,
82603,5,0,0,0.0,0.0,0.0,
10314569,5,0,0,0.0,0.0,0.0,
15429648,5,0,0,0.0,0.0,0.0,
16634901,5,0,0,0.0,0.0,0.0,
7624875,5,0,0,0.0,0.0,0.0,
8937484,5,0,0,0.0,0.0,0.0,
14435016,5,0,0,0.0,0.0,0.0,
17013476,5,0,0,0.0,0.0,0.0,
14818801,5,0,0,0.0,0.0,0.0,
1755793,5,0,0,0.0,0.0,0.0,
17338879,5,0,0,0.0,0.0,0.0,
2243027,5,0,0,0.0,0.0,0.0,
5555049,5,0,0,0.0,0.0,0.0,
15280223,5,0,0,0.0,0.0,0.0,
1948492,5,0,0,0.0,0.0,0.0,
1819065,5,0,0,0.0,0.0,0.0,
15394035,5,0,0,0.0,0.0,0.0,
14447487,5,0,0,0.0,0.0,0.0,
14643506,5,0,0,0.0,0.0,0.0,
16626041,5,0,0,0.0,0.0,0.0,
1962789,5,0,0,0.0,0.0,0.0,
17222895,5,0,0,0.0,0.0,0.0,
14014882,5,0,0,0.0,0.0,0.0,
9176690,5,0,0,0.0,0.0,0.0,
1685125,5,0,0,0.0,0.0,0.0,
14414980,5,0,0,0.0,0.0,0.0,
986939,5,0,0,0.0,0.0,0.0,
14082990,5,0,0,0.0,0.0,0.0,
477462,5,0,0,0.0,0.0,0.0,
16584588,5,0,0,0.0,0.0,0.0,
8995779,5,0,0,0.0,0.0,0.0,
9426419,5,0,0,0.0,0.0,0.0,
1182568,5,0,0,0.0,0.0,0.0,
15461367,5,0,0,0.0,0.0,0.0,
2806239,5,0,0,0.0,0.0,0.0,
14140550,5,0,0,0.0,0.0,0.0,
13948202,5,0,0,0.0,0.0,0.0,
1742473,5,0,0,0.0,0.0,0.0,
781866,5,0,0,0.0,0.0,0.0,
3695295,5,0,0,0.0,0.0,0.0,
17115469,5,0,0,0.0,0.0,0.0,
855338,5,0,0,0.0,0.0,0.0,
914007,5,0,0,0.0,0.0,0.0,
2843652,5,0,0,0.0,0.0,0.0,
3720748,5,0,0,0.0,0.0,0.0,
15383547,5,0,0,0.0,0.0,0.0,
3564953,5,0,0,0.0,0.0,0.0,
14779535,5,0,0,0.0,0.0,0.0,
2557765,5,0,0,0.0,0.0,0.0,
3354852,5,0,0,0.0,0.0,0.0,
17265577,5,0,0,0.0,0.0,0.0,
14733774,5,0,0,0.0,0.0,0.0,
1699352,5,0,0,0.0,0.0,0.0,
16639772,5,2,2,1.0,1.0,1.0,
12767243,5,0,0,0.0,0.0,0.0,
15132351,5,0,0,0.0,0.0,0.0,
16673689,5,0,0,0.0,0.0,0.0,
5194926,5,0,0,0.0,0.0,0.0,
17312244,5,0,0,0.0,0.0,0.0,
6897417,5,0,0,0.0,0.0,0.0,
6058696,5,0,0,0.0,0.0,0.0,
4140259,5,0,0,0.0,0.0,0.0,
14517450,5,0,0,0.0,0.0,0.0,
14275274,5,0,0,0.0,0.0,0.0,
13475233,5,0,0,0.0,0.0,0.0,
14171220,5,0,0,0.0,0.0,0.0,
16626464,5,0,0,0.0,0.0,0.0,
6126496,5,0,0,0.0,0.0,0.0,
1219760,5,0,0,0.0,0.0,0.0,
14605248,5,0,0,0.0,0.0,0.0,
838820,5,0,0,0.0,0.0,0.0,
1618370,5,0,0,0.0,0.0,0.0,
3320611,5,0,0,0.0,0.0,0.0,
12528013,5,0,0,0.0,0.0,0.0,
14550488,5,0,0,0.0,0.0,0.0,
13991050,5,0,0,0.0,0.0,0.0,
17251399,5,0,0,0.0,0.0,0.0,
14185881,5,0,0,0.0,0.0,0.0,
16998680,5,0,0,0.0,0.0,0.0,
1011980,5,0,0,0.0,0.0,0.0,
14473710,5,0,0,0.0,0.0,0.0,
1722848,5,0,0,0.0,0.0,0.0,
2610422,5,0,0,0.0,0.0,0.0,
17335346,5,0,0,0.0,0.0,0.0,
2484207,5,0,0,0.0,0.0,0.0,
14228061,5,0,0,0.0,0.0,0.0,
14457226,5,0,0,0.0,0.0,0.0,
1606741,5,0,0,0.0,0.0,0.0,
13852280,5,0,0,0.0,0.0,0.0,
1177198,5,0,0,0.0,0.0,0.0,
16595697,5,0,0,0.0,0.0,0.0,
14859352,5,1,0,0.0,0.0,0.0,
14370693,5,0,0,0.0,0.0,0.0,
1031599,5,0,0,0.0,0.0,0.0,
17400904,5,0,0,0.0,0.0,0.0,
16826792,5,0,0,0.0,0.0,0.0,
12733472,5,0,0,0.0,0.0,0.0,
17167502,5,0,0,0.0,0.0,0.0,
13832699,5,0,0,0.0,0.0,0.0,
1633530,5,0,0,0.0,0.0,0.0,
791212,5,0,0,0.0,0.0,0.0,
1379696,5,0,0,0.0,0.0,0.0,
1424756,5,0,0,0.0,0.0,0.0,
1470613,5,0,0,0.0,0.0,0.0,
13843347,5,0,0,0.0,0.0,0.0,
14437641,5,0,0,0.0,0.0,0.0,
2211493,5,0,0,0.0,0.0,0.0,
15443503,5,0,0,0.0,0.0,0.0,
17335331,5,0,0,0.0,0.0,0.0,
16575632,5,0,0,0.0,0.0,0.0,
14999424,5,0,0,0.0,0.0,0.0,
2091704,5,0,0,0.0,0.0,0.0,
2836008,5,0,0,0.0,0.0,0.0,
779589,5,0,0,0.0,0.0,0.0,
16541417,5,0,0,0.0,0.0,0.0,
14336308,5,0,0,0.0,0.0,0.0,
2073852,5,0,0,0.0,0.0,0.0,
7625354,5,0,0,0.0,0.0,0.0,
4105835,5,0,0,0.0,0.0,0.0,
6325887,5,0,0,0.0,0.0,0.0,
16658022,5,0,0,0.0,0.0,0.0,
16626426,5,0,0,0.0,0.0,0.0,
17245928,5,0,0,0.0,0.0,0.0,
3694321,5,0,0,0.0,0.0,0.0,
4628474,5,0,0,0.0,0.0,0.0,
14462684,5,0,0,0.0,0.0,0.0,
745327,5,0,0,0.0,0.0,0.0,
7575570,5,0,0,0.0,0.0,0.0,
14224042,5,0,0,0.0,0.0,0.0,
16626432,5,0,0,0.0,0.0,0.0,
3658239,5,0,0,0.0,0.0,0.0,
2315241,5,0,0,0.0,0.0,0.0,
17064688,5,0,0,0.0,0.0,0.0,
1776690,5,0,0,0.0,0.0,0.0,
14823798,5,0,0,0.0,0.0,0.0,
13810029,5,0,0,0.0,0.0,0.0,
16626416,5,0,0,0.0,0.0,0.0,
14667360,5,0,0,0.0,0.0,0.0,
207558,5,0,0,0.0,0.0,0.0,
16801009,5,0,0,0.0,0.0,0.0,
14225381,5,0,0,0.0,0.0,0.0,
785364,5,0,0,0.0,0.0,0.0,
1158085,5,0,0,0.0,0.0,0.0,
14531779,5,0,0,0.0,0.0,0.0,
1345012,5,0,0,0.0,0.0,0.0,
15221875,5,0,0,0.0,0.0,0.0,
2961033,5,0,0,0.0,0.0,0.0,
1452390,5,0,0,0.0,0.0,0.0,
3105885,5,0,0,0.0,0.0,0.0,
3957901,5,0,0,0.0,0.0,0.0,
1582699,5,0,0,0.0,0.0,0.0,
16575683,5,0,0,0.0,0.0,0.0,
14285880,5,0,0,0.0,0.0,0.0,
1705948,5,0,0,0.0,0.0,0.0,
16572178,5,0,0,0.0,0.0,0.0,
7617716,5,0,0,0.0,0.0,0.0,
2128620,5,0,0,0.0,0.0,0.0,
14521513,5,0,0,0.0,0.0,0.0,
1453255,5,0,0,0.0,0.0,0.0,
15427880,5,0,0,0.0,0.0,0.0,
13873603,5,0,0,0.0,0.0,0.0,
12317932,5,0,0,0.0,0.0,0.0,
3811049,5,0,0,0.0,0.0,0.0,
3918289,5,0,0,0.0,0.0,0.0,
356346,5,0,0,0.0,0.0,0.0,
16635395,5,0,0,0.0,0.0,0.0,
14182320,5,0,0,0.0,0.0,0.0,
6964104,5,0,0,0.0,0.0,0.0,
3470906,5,0,0,0.0,0.0,0.0,
2847100,5,0,0,0.0,0.0,0.0,
3426390,5,0,0,0.0,0.0,0.0,
15473335,5,0,0,0.0,0.0,0.0,
14276942,5,0,0,0.0,0.0,0.0,
16577854,5,0,0,0.0,0.0,0.0,
14886086,5,1,1,1.0,1.0,1.0,
269825,5,0,0,0.0,0.0,0.0,
14300790,5,0,0,0.0,0.0,0.0,
14458146,5,0,0,0.0,0.0,0.0,
14405690,5,0,0,0.0,0.0,0.0,
14194738,5,0,0,0.0,0.0,0.0,
2172332,5,0,0,0.0,0.0,0.0,
2698752,5,0,0,0.0,0.0,0.0,
15041219,5,0,0,0.0,0.0,0.0,
772901,5,0,0,0.0,0.0,0.0,
14088686,5,0,0,0.0,0.0,0.0,
9500317,5,0,0,0.0,0.0,0.0,
844292,5,0,0,0.0,0.0,0.0,
1606367,5,0,0,0.0,0.0,0.0,
16483646,5,0,0,0.0,0.0,0.0,
3244406,5,0,0,0.0,0.0,0.0,
3907150,5,0,0,0.0,0.0,0.0,
13916697,5,0,0,0.0,0.0,0.0,
12192485,5,0,0,0.0,0.0,0.0,
15318060,5,0,0,0.0,0.0,0.0,
15220516,5,0,0,0.0,0.0,0.0,
14140940,5,0,0,0.0,0.0,0.0,
14190369,5,0,0,0.0,0.0,0.0,
17041100,5,0,0,0.0,0.0,0.0,
2802283,5,0,0,0.0,0.0,0.0,
14016172,5,0,0,0.0,0.0,0.0,
930556,5,0,0,0.0,0.0,0.0,
17215227,5,0,0,0.0,0.0,0.0,
14636358,5,0,0,0.0,0.0,0.0,
14094189,5,0,0,0.0,0.0,0.0,
14379406,5,0,0,0.0,0.0,0.0,
13850920,5,0,0,0.0,0.0,0.0,
857138,5,0,0,0.0,0.0,0.0,
2874713,5,0,0,0.0,0.0,0.0,
14043765,5,0,0,0.0,0.0,0.0,
16518393,5,0,0,0.0,0.0,0.0,
10711540,5,0,0,0.0,0.0,0.0,
172539,5,0,0,0.0,0.0,0.0,
14124473,5,1,0,0.0,0.0,0.0,
2255459,5,0,0,0.0,0.0,0.0,
14181415,5,0,0,0.0,0.0,0.0,
16612222,5,0,0,0.0,0.0,0.0,
1629895,5,0,0,0.0,0.0,0.0,
301145,5,0,0,0.0,0.0,0.0,
13844298,5,0,0,0.0,0.0,0.0,
1836018,5,0,0,0.0,0.0,0.0,
5367,5,0,0,0.0,0.0,0.0,
15112353,5,0,0,0.0,0.0,0.0,
14858430,5,0,0,0.0,0.0,0.0,
13799511,5,0,0,0.0,0.0,0.0,
1989872,5,0,0,0.0,0.0,0.0,
10873611,5,0,0,0.0,0.0,0.0,
16595296,5,0,0,0.0,0.0,0.0,
14281088,5,0,0,0.0,0.0,0.0,
1557699,5,0,0,0.0,0.0,0.0,
16763673,5,0,0,0.0,0.0,0.0,
2893467,5,0,0,0.0,0.0,0.0,
15414121,5,0,0,0.0,0.0,0.0,
211619,5,0,0,0.0,0.0,0.0,
770708,5,0,0,0.0,0.0,0.0,
14625208,5,0,0,0.0,0.0,0.0,
14179114,5,0,0,0.0,0.0,0.0,
5066228,5,0,0,0.0,0.0,0.0,
14105720,5,0,0,0.0,0.0,0.0,
2125169,5,0,0,0.0,0.0,0.0,
14718575,5,0,0,0.0,0.0,0.0,
16485842,5,0,0,0.0,0.0,0.0,
9095193,5,0,0,0.0,0.0,0.0,
658185,5,0,0,0.0,0.0,0.0,
1779301,5,0,0,0.0,0.0,0.0,
14273479,5,0,0,0.0,0.0,0.0,
4138790,5,0,0,0.0,0.0,0.0,
17001905,5,0,0,0.0,0.0,0.0,
12276649,5,0,0,0.0,0.0,0.0,
6286101,5,0,0,0.0,0.0,0.0,
13585076,5,0,0,0.0,0.0,0.0,
3472296,5,0,0,0.0,0.0,0.0,
1721125,5,0,0,0.0,0.0,0.0,
11631802,5,0,0,0.0,0.0,0.0,
1317739,5,0,0,0.0,0.0,0.0,
14069914,5,0,0,0.0,0.0,0.0,
701737,5,0,0,0.0,0.0,0.0,
847350,5,0,0,0.0,0.0,0.0,
2224714,5,0,0,0.0,0.0,0.0,
212956,5,0,0,0.0,0.0,0.0,
2850786,5,0,0,0.0,0.0,0.0,
2809269,5,0,0,0.0,0.0,0.0,
1175393,5,0,0,0.0,0.0,0.0,
1823918,5,0,0,0.0,0.0,0.0,
1156633,5,0,0,0.0,0.0,0.0,
1501705,5,0,0,0.0,0.0,0.0,
14440014,5,0,0,0.0,0.0,0.0,
14121791,5,0,0,0.0,0.0,0.0,
17034869,5,0,0,0.0,0.0,0.0,
15103419,5,0,0,0.0,0.0,0.0,
2468216,5,0,0,0.0,0.0,0.0,
6991355,5,0,0,0.0,0.0,0.0,
14176022,5,0,0,0.0,0.0,0.0,
1232397,5,0,0,0.0,0.0,0.0,
1841342,5,0,0,0.0,0.0,0.0,
7424653,5,0,0,0.0,0.0,0.0,
16725335,5,0,0,0.0,0.0,0.0,
2925477,5,0,0,0.0,0.0,0.0,
1600101,5,0,0,0.0,0.0,0.0,
14363887,5,0,0,0.0,0.0,0.0,
5527461,5,0,0,0.0,0.0,0.0,
17087384,5,0,0,0.0,0.0,0.0,
14301156,5,3,3,1.0,1.0,1.0,
16004209,5,0,0,0.0,0.0,0.0,
2917866,5,0,0,0.0,0.0,0.0,
16626932,5,0,0,0.0,0.0,0.0,
2768742,5,0,0,0.0,0.0,0.0,
1877795,5,0,0,0.0,0.0,0.0,
16636737,5,0,0,0.0,0.0,0.0,
17295232,5,0,0,0.0,0.0,0.0,
5000489,5,0,0,0.0,0.0,0.0,
14451152,5,0,0,0.0,0.0,0.0,
13953659,5,0,0,0.0,0.0,0.0,
1176255,5,0,0,0.0,0.0,0.0,
16783218,5,0,0,0.0,0.0,0.0,
17241972,5,0,0,0.0,0.0,0.0,
16705754,5,0,0,0.0,0.0,0.0,
1668111,5,0,0,0.0,0.0,0.0,
6864024,5,0,0,0.0,0.0,0.0,
10678979,5,0,0,0.0,0.0,0.0,
5724625,5,0,0,0.0,0.0,0.0,
16825099,5,0,0,0.0,0.0,0.0,
17389617,5,0,0,0.0,0.0,0.0,
14487564,5,0,0,0.0,0.0,0.0,
795693,5,0,0,0.0,0.0,0.0,
14187188,5,0,0,0.0,0.0,0.0,
14609171,5,0,0,0.0,0.0,0.0,
16568993,5,0,0,0.0,0.0,0.0,
5883574,5,0,0,0.0,0.0,0.0,
14279246,5,0,0,0.0,0.0,0.0,
15126559,5,0,0,0.0,0.0,0.0,
15293084,5,0,0,0.0,0.0,0.0,
14386543,5,0,0,0.0,0.0,0.0,
13840608,5,0,0,0.0,0.0,0.0,
16896242,5,0,0,0.0,0.0,0.0,
13921616,5,0,0,0.0,0.0,0.0,
6442894,5,0,0,0.0,0.0,0.0,
10934187,5,0,0,0.0,0.0,0.0,
2777200,5,0,0,0.0,0.0,0.0,
5311635,5,0,0,0.0,0.0,0.0,
7138849,5,0,0,0.0,0.0,0.0,
602923,5,0,0,0.0,0.0,0.0,
70189,5,0,0,0.0,0.0,0.0,
14292213,5,0,0,0.0,0.0,0.0,
15387480,5,0,0,0.0,0.0,0.0,
4273303,5,0,0,0.0,0.0,0.0,
851370,5,0,0,0.0,0.0,0.0,
14429674,5,0,0,0.0,0.0,0.0,
1876444,5,0,0,0.0,0.0,0.0,
16935823,5,0,0,0.0,0.0,0.0,
15293098,5,0,0,0.0,0.0,0.0,
16590896,5,0,0,0.0,0.0,0.0,
17295250,5,0,0,0.0,0.0,0.0,
17380816,5,0,0,0.0,0.0,0.0,
16598377,5,0,0,0.0,0.0,0.0,
2775497,5,0,0,0.0,0.0,0.0,
3170089,5,0,0,0.0,0.0,0.0,
16622545,5,0,0,0.0,0.0,0.0,
10242812,5,0,0,0.0,0.0,0.0,
5981935,5,0,0,0.0,0.0,0.0,
14164489,5,1,0,0.0,0.0,0.0,
757354,5,0,0,0.0,0.0,0.0,
16617194,5,0,0,0.0,0.0,0.0,
11586465,5,0,0,0.0,0.0,0.0,
12799129,5,0,0,0.0,0.0,0.0,
14525866,5,0,0,0.0,0.0,0.0,
5855911,5,0,0,0.0,0.0,0.0,
15021564,5,0,0,0.0,0.0,0.0,
5088071,5,0,0,0.0,0.0,0.0,
16774712,5,1,0,0.0,0.0,0.0,
14484039,5,0,0,0.0,0.0,0.0,
16566354,5,0,0,0.0,0.0,0.0,
17251738,5,0,0,0.0,0.0,0.0,
11668373,5,0,0,0.0,0.0,0.0,
2027198,5,0,0,0.0,0.0,0.0,
1997078,5,0,0,0.0,0.0,0.0,
767163,5,0,0,0.0,0.0,0.0,
16466621,5,0,0,0.0,0.0,0.0,
737755,5,0,0,0.0,0.0,0.0,
2960292,5,0,0,0.0,0.0,0.0,
213871,5,0,0,0.0,0.0,0.0,
14052785,5,0,0,0.0,0.0,0.0,
16621200,5,0,0,0.0,0.0,0.0,
1613471,5,0,0,0.0,0.0,0.0,
13428807,5,0,0,0.0,0.0,0.0,
17326092,5,0,0,0.0,0.0,0.0,
247647,5,0,0,0.0,0.0,0.0,
16738208,5,0,0,0.0,0.0,0.0,
16566343,5,0,0,0.0,0.0,0.0,
14338420,5,0,0,0.0,0.0,0.0,
7916517,5,0,0,0.0,0.0,0.0,
5002228,5,0,0,0.0,0.0,0.0,
15389639,5,0,0,0.0,0.0,0.0,
14245053,5,0,0,0.0,0.0,0.0,
1292419,5,0,0,0.0,0.0,0.0,
781082,5,0,0,0.0,0.0,0.0,
3206599,5,0,0,0.0,0.0,0.0,
16942573,5,0,0,0.0,0.0,0.0,
14487526,5,0,0,0.0,0.0,0.0,
1321046,5,0,0,0.0,0.0,0.0,
2789151,5,0,0,0.0,0.0,0.0,
17310970,5,0,0,0.0,0.0,0.0,
187502,5,0,0,0.0,0.0,0.0,
16573909,5,0,0,0.0,0.0,0.0,
16634548,5,0,0,0.0,0.0,0.0,
16614931,5,0,0,0.0,0.0,0.0,
1234118,5,0,0,0.0,0.0,0.0,
2296456,5,0,0,0.0,0.0,0.0,
14245082,5,0,0,0.0,0.0,0.0,
13870015,5,1,0,0.0,0.0,0.0,
14109244,5,3,3,1.0,1.0,1.0,
1646399,5,0,0,0.0,0.0,0.0,
836197,5,0,0,0.0,0.0,0.0,
287289,5,0,0,0.0,0.0,0.0,
17193333,5,0,0,0.0,0.0,0.0,
16759105,5,0,0,0.0,0.0,0.0,
15346918,5,0,0,0.0,0.0,0.0,
13921673,5,0,0,0.0,0.0,0.0,
16646508,5,0,0,0.0,0.0,0.0,
14480904,5,0,0,0.0,0.0,0.0,
4559455,5,0,0,0.0,0.0,0.0,
1091712,5,0,0,0.0,0.0,0.0,
14423920,5,0,0,0.0,0.0,0.0,
2960279,5,0,0,0.0,0.0,0.0,
14245070,5,0,0,0.0,0.0,0.0,
198643,5,0,0,0.0,0.0,0.0,
90167,5,0,0,0.0,0.0,0.0,
1516364,5,0,0,0.0,0.0,0.0,
14443127,5,0,0,0.0,0.0,0.0,
16263263,5,0,0,0.0,0.0,0.0,
16620326,5,0,0,0.0,0.0,0.0,
15422630,5,0,0,0.0,0.0,0.0,
7699261,5,0,0,0.0,0.0,0.0,
6084565,5,0,0,0.0,0.0,0.0,
14491201,5,0,0,0.0,0.0,0.0,
2892516,5,0,0,0.0,0.0,0.0,
17306849,5,0,0,0.0,0.0,0.0,
10405711,5,0,0,0.0,0.0,0.0,
2933013,5,0,0,0.0,0.0,0.0,
226726,5,0,0,0.0,0.0,0.0,
6989442,5,0,0,0.0,0.0,0.0,
2612133,5,0,0,0.0,0.0,0.0,
2596483,5,0,0,0.0,0.0,0.0,
6411778,5,0,0,0.0,0.0,0.0,
14408372,5,1,0,0.0,0.0,0.0,
5762537,5,0,0,0.0,0.0,0.0,
16958553,5,0,0,0.0,0.0,0.0,
9435322,5,0,0,0.0,0.0,0.0,
14276164,5,0,0,0.0,0.0,0.0,
10108370,5,0,0,0.0,0.0,0.0,
14380394,5,1,0,0.0,0.0,0.0,
13671067,5,0,0,0.0,0.0,0.0,
458244,5,0,0,0.0,0.0,0.0,
14478211,5,0,0,0.0,0.0,0.0,
1865384,5,0,0,0.0,0.0,0.0,
1866231,5,0,0,0.0,0.0,0.0,
4527427,5,0,0,0.0,0.0,0.0,
8374335,5,0,0,0.0,0.0,0.0,
15264166,5,0,0,0.0,0.0,0.0,
13358026,5,0,0,0.0,0.0,0.0,
15409688,5,0,0,0.0,0.0,0.0,
3692600,5,0,0,0.0,0.0,0.0,
5823905,5,0,0,0.0,0.0,0.0,
2574241,5,0,0,0.0,0.0,0.0,
16257846,5,0,0,0.0,0.0,0.0,
6692643,5,0,0,0.0,0.0,0.0,
14445323,5,0,0,0.0,0.0,0.0,
14916718,5,0,0,0.0,0.0,0.0,
16528538,5,0,0,0.0,0.0,0.0,
1147303,5,0,0,0.0,0.0,0.0,
2235490,5,0,0,0.0,0.0,0.0,
1844477,5,0,0,0.0,0.0,0.0,
14150253,5,0,0,0.0,0.0,0.0,
14086961,5,0,0,0.0,0.0,0.0,
50975,5,0,0,0.0,0.0,0.0,
14597989,5,0,0,0.0,0.0,0.0,
1623651,5,0,0,0.0,0.0,0.0,
16634980,5,0,0,0.0,0.0,0.0,
16826358,5,0,0,0.0,0.0,0.0,
14652327,5,0,0,0.0,0.0,0.0,
1447376,5,0,0,0.0,0.0,0.0,
11759531,5,0,0,0.0,0.0,0.0,
2312992,5,0,0,0.0,0.0,0.0,
2864060,5,0,0,0.0,0.0,0.0,
15164866,5,0,0,0.0,0.0,0.0,
1621487,5,0,0,0.0,0.0,0.0,
1211098,5,0,0,0.0,0.0,0.0,
1668577,5,0,0,0.0,0.0,0.0,
15140009,5,0,0,0.0,0.0,0.0,
1015164,5,0,0,0.0,0.0,0.0,
2800896,5,0,0,0.0,0.0,0.0,
1015162,5,0,0,0.0,0.0,0.0,
1207834,5,0,0,0.0,0.0,0.0,
16626076,5,0,0,0.0,0.0,0.0,
13846800,5,0,0,0.0,0.0,0.0,
14062970,5,0,0,0.0,0.0,0.0,
7049330,5,0,0,0.0,0.0,0.0,
16642560,5,0,0,0.0,0.0,0.0,
14132883,5,1,0,0.0,0.0,0.0,
760595,5,0,0,0.0,0.0,0.0,
1262678,5,0,0,0.0,0.0,0.0,
2044944,5,0,0,0.0,0.0,0.0,
14611874,5,0,0,0.0,0.0,0.0,
14281556,5,1,0,0.0,0.0,0.0,
531756,5,0,0,0.0,0.0,0.0,
999066,5,0,0,0.0,0.0,0.0,
17315360,5,0,0,0.0,0.0,0.0,
17337131,5,0,0,0.0,0.0,0.0,
14249835,5,0,0,0.0,0.0,0.0,
8078,5,0,0,0.0,0.0,0.0,
1669886,5,0,0,0.0,0.0,0.0,
16622960,5,0,0,0.0,0.0,0.0,
16617132,5,0,0,0.0,0.0,0.0,
14433305,5,0,0,0.0,0.0,0.0,
17357181,5,0,0,0.0,0.0,0.0,
1638700,5,0,0,0.0,0.0,0.0,
16642538,5,0,0,0.0,0.0,0.0,
15383487,5,0,0,0.0,0.0,0.0,
14499588,5,0,0,0.0,0.0,0.0,
14261927,5,0,0,0.0,0.0,0.0,
14529852,5,0,0,0.0,0.0,0.0,
1950882,5,0,0,0.0,0.0,0.0,
1402456,5,0,0,0.0,0.0,0.0,
14550888,5,0,0,0.0,0.0,0.0,
1105903,5,0,0,0.0,0.0,0.0,
1889300,5,0,0,0.0,0.0,0.0,
2831136,5,0,0,0.0,0.0,0.0,
1318262,5,0,0,0.0,0.0,0.0,
14842876,5,0,0,0.0,0.0,0.0,
15331,5,0,0,0.0,0.0,0.0,
16617144,5,0,0,0.0,0.0,0.0,
443182,5,0,0,0.0,0.0,0.0,
14631441,5,0,0,0.0,0.0,0.0,
15048659,5,0,0,0.0,0.0,0.0,
3738444,5,0,0,0.0,0.0,0.0,
1333890,5,0,0,0.0,0.0,0.0,
15282844,5,0,0,0.0,0.0,0.0,
1008871,5,0,0,0.0,0.0,0.0,
11621694,5,0,0,0.0,0.0,0.0,
1145553,5,0,0,0.0,0.0,0.0,
16689605,5,0,0,0.0,0.0,0.0,
175148,5,0,0,0.0,0.0,0.0,
2833787,5,0,0,0.0,0.0,0.0,
15051825,5,0,0,0.0,0.0,0.0,
13965290,5,0,0,0.0,0.0,0.0,
